{"type":"FeatureCollection","name":"central_america_admin_0_natural_earth_5_1_1","features":[{"type":"Feature","properties":{"country":"Belize","iso_a3":"BLZ"},"geometry":{"type":"MultiPolygon","coordinates":[[[[-89.19313967135847,16.392625602808764],[-89.1843527061227,16.49587244432975],[-89.16606739756634,16.777009063383176],[-89.1492048451793,17.036270806333576],[-89.15072787410207,17.32103207973212],[-89.15621739539208,17.59824334848561],[-89.16049617499993,17.814314270000054],[-89.16137467499988,17.901440735000037],[-89.15393326799995,17.94107655900008],[-89.13256506399995,17.97027374300002],[-89.04944352299987,17.999212545000077],[-89.02802364099995,17.992081197000047],[-89.01153885999986,17.977818502000062],[-88.99657853199992,17.961850485000028],[-88.97975785399993,17.949448141000076],[-88.96784643599989,17.948259583000052],[-88.95650345899992,17.950533346000057],[-88.94702083399994,17.94846628800009],[-88.9333007409999,17.920354309000075],[-88.9204591479999,17.910949199000115],[-88.88033239799992,17.888469951000005],[-88.87136653699989,17.890950419000077],[-88.86537207099985,17.899011943000076],[-88.86085038299993,17.92112945600006],[-88.85640620899991,17.92831247900004],[-88.80534989499995,17.9650027470001],[-88.79594478399989,17.975596415000084],[-88.78163041199991,18.014715475000102],[-88.77687618099992,18.02375885000005],[-88.76201920599996,18.03564443000009],[-88.74835078999988,18.04329254100007],[-88.7363876959999,18.051922506000025],[-88.72664668799987,18.066727804000024],[-88.72349442599992,18.077502340000066],[-88.72044551599987,18.100084941000105],[-88.71770666499992,18.110032654000108],[-88.69285030099988,18.150004374000062],[-88.68951717199988,18.16124399900012],[-88.6929536539999,18.175170797000092],[-88.6966226809999,18.17806467700008],[-88.66814896699987,18.198244324000072],[-88.63895178299992,18.211602681000002],[-88.62704036499989,18.220310160000068],[-88.61698929899987,18.23542551700008],[-88.61405893099987,18.247028189000034],[-88.61316524299991,18.250566712000094],[-88.61148575899998,18.266379700000087],[-88.60771337899985,18.283381246000104],[-88.59807572499992,18.299478455000084],[-88.56717321799994,18.333507385000118],[-88.55479671199987,18.352214254000003],[-88.55133439199992,18.363686422000015],[-88.54740698299986,18.389059551000017],[-88.53838944599991,18.41308909100003],[-88.53304093499986,18.44331980400007],[-88.52782161499994,18.4541460170001],[-88.52019934199987,18.461561584000023],[-88.48924515799987,18.484505920000046],[-88.47919409199991,18.483420716000055],[-88.46994401099991,18.478511454000014],[-88.4596345619999,18.47572092700007],[-88.45082373099993,18.476883647000065],[-88.43085078999988,18.48378245100004],[-88.41997290099994,18.48900177000006],[-88.41322912699991,18.49075876900004],[-88.40798396799997,18.48895009400006],[-88.39837215199987,18.480113424000066],[-88.3907757159999,18.47569508900004],[-88.3849104409999,18.47662526500001],[-88.37907100499993,18.479700013000055],[-88.37144873099996,18.481792908000003],[-88.30951452699992,18.482283834000057],[-88.30382239499994,18.481350002000056],[-88.30382239499994,18.477769273000092],[-88.28661048099991,18.46279531500005],[-88.30626380099994,18.438299872000073],[-88.38369706899994,18.38495514500005],[-88.39098059799994,18.37059153900009],[-88.37954667899993,18.35492584800005],[-88.36538652299993,18.354071356000077],[-88.31749426999994,18.374823309000078],[-88.32310950399994,18.360256252000056],[-88.33242753799993,18.34479401200008],[-88.35533606699994,18.31708405200004],[-88.36082923099991,18.308254299000055],[-88.35798092399995,18.30369700700004],[-88.35024980399993,18.30418528900009],[-88.34142005099994,18.310248114000046],[-88.32457434799994,18.32831452000005],[-88.29141191299993,18.35114166900007],[-88.27574622299994,18.358221747000073],[-88.25914466099994,18.361151434000078],[-88.23680579299992,18.35814036700009],[-88.20775305899991,18.344631252000056],[-88.1946508449999,18.340643622000073],[-88.17341061099995,18.34373607000009],[-88.14313717399995,18.363755601000037],[-88.10850989499994,18.373928127000056],[-88.09675045499995,18.375433661000045],[-88.09154212099992,18.37173086100006],[-88.09349524599992,18.35761139500005],[-88.09902910099993,18.34837474200009],[-88.11888587099992,18.333807684000078],[-88.14171301999994,18.32444896000004],[-88.14614824099993,18.32021719000005],[-88.14647376199991,18.30927155200004],[-88.13927161399994,18.30695221600007],[-88.13052324099993,18.31045156500005],[-88.12303626199991,18.322333075000074],[-88.11485755099994,18.327826239000046],[-88.10464433499993,18.332098700000074],[-88.09496008999992,18.333807684000078],[-88.09166419199994,18.32835521000004],[-88.08356686099995,18.210109768000052],[-88.09154212099992,18.118394273000092],[-88.09479732999995,18.102769273000092],[-88.10879472599993,18.07884349200009],[-88.11204993399991,18.06317780200004],[-88.14964758999992,17.97134023600006],[-88.16673743399991,17.960150458000044],[-88.16685950399994,17.95994700700004],[-88.2083227199999,17.881984768000052],[-88.20225989499994,17.85614655200004],[-88.21434485599991,17.773098049000055],[-88.23875891799992,17.690375067000048],[-88.24669348899994,17.673651434000078],[-88.27269446499992,17.64398834800005],[-88.28319251199991,17.62563711100006],[-88.28770911399994,17.60423411700009],[-88.28331458199995,17.58026764500005],[-88.27122962099992,17.568101304000038],[-88.23558508999992,17.550726630000042],[-88.22813880099994,17.535589911000045],[-88.21857662699995,17.527289130000042],[-88.17666581899994,17.52024974200009],[-88.1673070949999,17.51203034100007],[-88.17935136599993,17.492621161000045],[-88.2051488919999,17.49286530200004],[-88.23078365799995,17.496527411000045],[-88.24233964799993,17.487494208000044],[-88.2449438139999,17.471991278000075],[-88.26022969117484,17.423064435021338],[-88.28628495999993,17.339667059000078],[-88.29596920499995,17.238104559000078],[-88.29698645699995,17.217189846000053],[-88.30052649599992,17.17792389500005],[-88.29344641799992,17.156805731000077],[-88.28954016799992,17.13776276200008],[-88.28937740799995,17.135768947000088],[-88.28856360599991,17.12693919500009],[-88.28331458199995,17.103949286000045],[-88.27940833199995,17.091457424000055],[-88.26992753799993,17.086330471000053],[-88.24860592399995,17.079413153000075],[-88.23648027299993,17.064195054000038],[-88.22817949099993,17.044867255000042],[-88.2234594389999,17.023138739000046],[-88.22085527299993,16.991441148000092],[-88.21507727799991,16.96710846600007],[-88.21743730399993,16.955471096000053],[-88.22370357999995,16.952948309000078],[-88.2324926419999,16.953070380000042],[-88.24233964799993,16.949652411000045],[-88.25328528599994,16.939927476000037],[-88.26695716099994,16.924750067000048],[-88.27847245999993,16.907416083000044],[-88.28331458199995,16.89134349200009],[-88.27887936099995,16.87295156500005],[-88.25934811099995,16.843410549000055],[-88.25548255099994,16.82615794500009],[-88.25373287699995,16.82607656500005],[-88.25023352799991,16.823431708000044],[-88.24767005099994,16.818915106000077],[-88.24860592399995,16.81313711100006],[-88.25230872299994,16.812160549000055],[-88.26549231699994,16.81386953300006],[-88.26968339799993,16.81313711100006],[-88.28237870999993,16.80341217700004],[-88.28750566299993,16.797349351000037],[-88.28954016799992,16.788275458000044],[-88.29173743399991,16.78339264500005],[-88.29670162699995,16.778509833000044],[-88.30162512899994,16.77171458500004],[-88.30382239499994,16.76129791900007],[-88.3028051419999,16.749335028000075],[-88.29808508999992,16.733547268000052],[-88.29698645699995,16.723781643000052],[-88.30622311099995,16.652899481000077],[-88.31240800699993,16.64203522300005],[-88.32115637899994,16.63344961100006],[-88.33116614499994,16.62067291900007],[-88.3426000639999,16.579820054000038],[-88.34805253799993,16.567328192000048],[-88.35147050699993,16.549709377000056],[-88.34483801999994,16.524562893000052],[-88.34898841099994,16.515326239000046],[-88.35610917899993,16.50649648600006],[-88.36286373599995,16.50584544500009],[-88.36587480399993,16.521429755000042],[-88.33454342399995,16.63507721600007],[-88.3176977199999,16.65224844000005],[-88.31126868399991,16.66229889500005],[-88.33763587099992,16.649237372000073],[-88.36465410099993,16.583685614000046],[-88.38638261599993,16.55927155200004],[-88.37979081899994,16.558254299000055],[-88.36587480399993,16.55182526200008],[-88.37262936099995,16.548529364000046],[-88.37783769399994,16.54710521000004],[-88.38402258999992,16.548000393000052],[-88.39317786399994,16.55182526200008],[-88.39110266799992,16.543036200000074],[-88.38853919199994,16.538885809000078],[-88.38329016799992,16.53778717700004],[-88.37279212099992,16.53815338700008],[-88.37279212099992,16.53196849200009],[-88.38341223899994,16.525091864000046],[-88.39093990799995,16.51504140800006],[-88.39268958199995,16.50299713700008],[-88.39004472599993,16.49762604400007],[-88.38638261599993,16.490383205000057],[-88.40518144399994,16.47679271000004],[-88.42564856699994,16.437241929000038],[-88.44444739499994,16.428900458000044],[-88.44640051999994,16.42340729400007],[-88.44823157499991,16.399644273000092],[-88.44782467399995,16.39476146000004],[-88.45352128799993,16.391424872000073],[-88.45881100199995,16.39134349200009],[-88.46214758999992,16.393011786000045],[-88.46214758999992,16.39476146000004],[-88.46849524599992,16.390692450000074],[-88.47057044199994,16.388617255000042],[-88.47179114499994,16.386053778000075],[-88.47573808499993,16.38117096600007],[-88.48859615799995,16.351263739000046],[-88.49254309799994,16.34638092700004],[-88.50035559799994,16.34210846600007],[-88.5266820949999,16.30882396000004],[-88.52965247299994,16.303534247000073],[-88.53380286399994,16.290350653000075],[-88.53661048099991,16.285549221000053],[-88.53726152299993,16.28266022300005],[-88.5359594389999,16.27411530200004],[-88.53661048099991,16.271307684000078],[-88.53937740799995,16.270656643000052],[-88.54751542899993,16.271918036000045],[-88.55028235599991,16.271307684000078],[-88.55467688699991,16.268866278000075],[-88.56676184799994,16.26626211100006],[-88.57135982999995,16.263820705000057],[-88.57347571499992,16.259914455000057],[-88.5781957669999,16.243963934000078],[-88.5781957669999,16.285549221000053],[-88.58503170499995,16.285549221000053],[-88.59190833199995,16.263820705000057],[-88.60594641799992,16.260646877000056],[-88.61974036399994,16.26898834800005],[-88.62596594999991,16.281805731000077],[-88.62987219999991,16.287502346000053],[-88.63829505099994,16.28815338700008],[-88.64663652299993,16.28660716400009],[-88.65021725199995,16.285549221000053],[-88.65147864499994,16.28196849200009],[-88.65103105399993,16.26439036700009],[-88.65392005099994,16.257635809000078],[-88.66112219999991,16.25535716400009],[-88.69489498599995,16.250799872000073],[-88.70067298099991,16.24705638200004],[-88.70539303299995,16.242336330000057],[-88.71255449099993,16.238226630000042],[-88.7259008449999,16.23651764500005],[-88.74006100199995,16.230169989000046],[-88.7442113919999,16.214504299000055],[-88.74205481699994,16.17568594000005],[-88.74571692599994,16.154852606000077],[-88.7551977199999,16.13971588700008],[-88.76927649599992,16.13035716400009],[-88.78673255099994,16.12726471600007],[-88.7918188139999,16.124660549000055],[-88.79771887899994,16.118353583000044],[-88.80264238199993,16.110581773000092],[-88.80703691299993,16.09320709800005],[-88.81314042899993,16.08812083500004],[-88.82176673099991,16.084865627000056],[-88.83141028599994,16.07949453300006],[-88.84251868399991,16.07029857000009],[-88.84748287699995,16.06517161700009],[-88.85191809799994,16.058986721000053],[-88.8543188139999,16.04791901200008],[-88.85350501199991,16.036851304000038],[-88.8562719389999,16.028265692000048],[-88.88239498599995,16.02090078300006],[-88.89964758999992,16.01080963700008],[-88.91637122299994,15.99750397300005],[-88.92764238199993,15.983872789000088],[-88.93114173099991,15.959051825000074],[-88.91026770699995,15.917385158000059],[-88.91397050699996,15.893947658000044],[-88.95187841899985,15.879651999000075],[-89.04032263199989,15.901717834000081],[-89.07238785899989,15.901511129000127],[-89.10091324899994,15.896808574000048],[-89.17744604499984,15.900270894000087],[-89.19576533999992,15.892932841000103],[-89.20483455399989,15.89241607700005],[-89.21653926699986,15.888643697000035],[-89.22599605399992,15.884044495000083],[-89.22824397799985,15.88084055600011],[-89.23651220799991,15.89391469300007],[-89.23602227599986,15.90649316800004],[-89.23413509199995,15.954944560000044],[-89.2085168605212,16.186131919766652],[-89.19313967135847,16.392625602808764]]],[[[-87.83828691299993,17.388495184000078],[-87.82579505099994,17.39915599200009],[-87.81419837099992,17.381293036000045],[-87.79735266799992,17.333238023000092],[-87.80199133999992,17.325873114000046],[-87.80370032499991,17.31598541900007],[-87.80357825399994,17.292303778000075],[-87.81041419199994,17.292303778000075],[-87.81004798099991,17.30263906500005],[-87.81041419199994,17.305975653000075],[-87.81607011599993,17.30426666900007],[-87.81989498599995,17.30145905200004],[-87.82241777299993,17.29751211100006],[-87.82461503799993,17.292303778000075],[-87.82380123599995,17.35293203300006],[-87.82721920499995,17.378119208000044],[-87.83828691299993,17.388495184000078]]],[[[-87.82774817599994,17.54555898600006],[-87.8157445949999,17.54515208500004],[-87.80150305899991,17.541815497000073],[-87.78921464799993,17.53196849200009],[-87.78307044199994,17.51203034100007],[-87.7871801419999,17.496893622000073],[-87.80785071499992,17.457831122000073],[-87.8211156889999,17.440741278000075],[-87.83128821499992,17.42373281500005],[-87.8457738919999,17.414618231000077],[-87.86563066299993,17.429510809000078],[-87.87588456899994,17.413234768000052],[-87.88853919199994,17.40387604400007],[-87.90005449099993,17.391791083000044],[-87.90721594999991,17.36741771000004],[-87.91344153599994,17.322699286000045],[-87.91588294199994,17.31541575700004],[-87.92100989499994,17.305243231000077],[-87.92552649599992,17.292792059000078],[-87.92650305899991,17.278631903000075],[-87.9407445949999,17.292303778000075],[-87.93700110599991,17.29564036700009],[-87.93569902299993,17.298976955000057],[-87.93529212099992,17.302394924000055],[-87.93390865799995,17.305975653000075],[-87.93150794199994,17.32721588700008],[-87.92227128799993,17.362494208000044],[-87.91746985599991,17.41046784100007],[-87.90953528599994,17.426255601000037],[-87.89671790299991,17.43768952000005],[-87.87930253799993,17.44993724200009],[-87.85879472599993,17.470404364000046],[-87.84870357999995,17.471258856000077],[-87.83381100199995,17.465318101000037],[-87.82127844999991,17.46360911700009],[-87.81163489499994,17.472316799000055],[-87.80394446499992,17.491929429000038],[-87.8020727199999,17.512925523000092],[-87.81041419199994,17.52562083500004],[-87.82144120999993,17.516180731000077],[-87.83067786399994,17.51113515800006],[-87.83828691299993,17.51203034100007],[-87.83779863199993,17.518377997000073],[-87.82774817599994,17.54555898600006]]],[[[-88.07725989499994,17.641791083000044],[-88.06354732999995,17.630560614000046],[-88.05361894399994,17.606268622000073],[-88.04381262899994,17.55296458500004],[-88.05060787699995,17.55296458500004],[-88.05565344999991,17.562648830000057],[-88.06444251199991,17.586371161000045],[-88.07725989499994,17.641791083000044]]],[[[-88.16047115799995,17.682766018000052],[-88.13951575399994,17.69204336100006],[-88.08275305899991,17.72923411700009],[-88.0711156889999,17.73427969000005],[-88.08031165299991,17.70180898600006],[-88.10366777299993,17.68183014500005],[-88.13487708199995,17.671820380000042],[-88.1673070949999,17.669094143000052],[-88.16738847599993,17.673773505000042],[-88.16600501199991,17.67682526200008],[-88.16047115799995,17.682766018000052]]],[[[-87.91344153599994,18.025946356000077],[-87.90721594999991,18.025946356000077],[-87.91510982999995,17.98273346600007],[-87.93455969999991,17.94293854400007],[-87.96580969999991,17.913763739000046],[-88.00902258999992,17.902492580000057],[-88.00902258999992,17.90924713700008],[-87.99864661399994,17.90892161700009],[-87.99535071499992,17.90924713700008],[-87.95889238199993,17.93427155200004],[-87.94591223899994,17.95180898600006],[-87.9407445949999,17.97752513200004],[-87.95653235599991,17.97675202000005],[-87.95230058499993,18.007757880000042],[-87.93390865799995,18.07029857000009],[-87.93175208199995,18.074693101000037],[-87.92711341099994,18.078273830000057],[-87.92235266799992,18.082953192000048],[-87.92027747299994,18.09080638200004],[-87.91966712099992,18.10057200700004],[-87.90485592399995,18.153225002000056],[-87.89500891799992,18.16209544500009],[-87.87930253799993,18.15570709800005],[-87.85728919199994,18.169663804000038],[-87.84732011599993,18.155991929000038],[-87.84898841099994,18.13377513200004],[-87.86221269399994,18.12213776200008],[-87.86961829299992,18.11082591400009],[-87.89004472599993,18.057033596000053],[-87.89976966099994,18.039007880000042],[-87.90664628799993,18.043524481000077],[-87.91344153599994,18.04645416900007],[-87.91588294199994,18.035956122000073],[-87.91966712099992,18.028509833000044],[-87.92544511599993,18.023138739000046],[-87.93390865799995,18.01911041900007],[-87.93390865799995,18.01235586100006],[-87.92650305899991,17.997992255000042],[-87.91710364499994,18.01117584800005],[-87.9148656889999,18.01715729400007],[-87.91344153599994,18.025946356000077]]],[[[-88.09561113199993,17.517401434000078],[-88.07701575399994,17.503729559000078],[-88.0676977199999,17.49054596600007],[-88.06981360599991,17.48065827000005],[-88.07262122299994,17.47614166900007],[-88.07286536399994,17.47011953300006],[-88.07705644399994,17.461086330000057],[-88.08397376199991,17.461818752000056],[-88.08580481699994,17.47011953300006],[-88.08714758999992,17.49091217700004],[-88.08849036399994,17.495306708000044],[-88.0965063139999,17.494289455000057],[-88.10513261599993,17.498114325000074],[-88.11091061099995,17.505072333000044],[-88.11424719999991,17.51007721600007],[-88.11729895699995,17.512884833000044],[-88.11717688699991,17.518784898000092],[-88.11046301999994,17.52301666900007],[-88.09561113199993,17.517401434000078]]],[[[-87.96906490799995,18.09088776200008],[-87.96328691299993,18.09320709800005],[-87.96031653599994,18.090399481000077],[-87.96251380099994,18.07998281500005],[-87.97061113199993,18.073146877000056],[-87.98143469999991,18.07127513200004],[-87.98436438699991,18.07758209800005],[-87.97716223899994,18.08746979400007],[-87.97207597599993,18.090725002000056],[-87.96906490799995,18.09088776200008]]],[[[-87.9395238919999,18.11863841400009],[-87.93712317599994,18.11465078300006],[-87.93639075399994,18.103908596000053],[-87.94225012899994,18.093491929000038],[-87.9505102199999,18.087591864000046],[-87.95400956899994,18.088283596000053],[-87.95531165299991,18.093410549000055],[-87.95689856699994,18.097357489000046],[-87.95523027299993,18.100816148000092],[-87.95010331899994,18.103583075000074],[-87.94481360599991,18.107896226000037],[-87.94302324099993,18.11347077000005],[-87.94115149599992,18.11717357000009],[-87.9395238919999,18.11863841400009]]],[[[-87.87840735599991,18.208238023000092],[-87.87474524599992,18.20648834800005],[-87.87413489499994,18.202460028000075],[-87.87474524599992,18.197333075000074],[-87.87828528599994,18.187323309000078],[-87.88780676999994,18.175604559000078],[-87.89354407499991,18.18036530200004],[-87.89077714799993,18.19745514500005],[-87.88683020699995,18.20343659100007],[-87.88369706899994,18.20107656500005],[-87.88316809799994,18.20311107000009],[-87.8848363919999,18.207464911000045],[-87.88442949099993,18.20917389500005],[-87.88097083199995,18.20848216400009],[-87.87840735599991,18.208238023000092]]]]}},{"type":"Feature","properties":{"country":"Guatemala","iso_a3":"GTM"},"geometry":{"type":"Polygon","coordinates":[[[-89.36162084999998,14.415477804000062],[-89.36182156232267,14.41550574579234],[-89.39061132899988,14.43599334800004],[-89.39169653399995,14.43371958500012],[-89.39686417699997,14.426045635000037],[-89.39818192599992,14.445372620000086],[-89.40836218299998,14.441522726000045],[-89.43109981299995,14.418707580000046],[-89.44683528699994,14.415529481000078],[-89.4581265869999,14.419586080000073],[-89.46941788699988,14.425373840000049],[-89.48528255199989,14.427389222000102],[-89.49614812999991,14.42289748400006],[-89.50303340699992,14.420051168000015],[-89.52776057999992,14.391060689000128],[-89.54135148099991,14.381526387000036],[-89.54424536199991,14.400052388000077],[-89.55517492699997,14.41082692500001],[-89.56987687199987,14.412015483000118],[-89.58406205299991,14.401809387000057],[-89.5905732839999,14.38597056100005],[-89.58628413999992,14.374679261000082],[-89.57897192399994,14.364783223000089],[-89.57607804399996,14.353130189000112],[-89.58240840699997,14.343363343000064],[-89.5924336349999,14.336387024000075],[-89.59835058699991,14.327989604000095],[-89.59217525299994,14.31383026100005],[-89.57127213599995,14.311143087000104],[-89.56437333199997,14.308145853000099],[-89.55858557199991,14.302823182000054],[-89.55569169099991,14.299024963000122],[-89.54987809299993,14.288276265000007],[-89.54858618199998,14.28359954900013],[-89.54677750699989,14.268329163000075],[-89.54491715599988,14.261817932000014],[-89.54055049699991,14.257606303000074],[-89.52786393199995,14.2514568080001],[-89.52465999399988,14.247374369000084],[-89.52450496499995,14.231768087000134],[-89.5309386799999,14.225566915000059],[-89.63832230699987,14.200555522000073],[-89.6646256109999,14.18885081000009],[-89.68984370999996,14.170014750000064],[-89.7098683269999,14.148724060000077],[-89.75260473699993,14.07524017400003],[-89.7554469399999,14.067075297000102],[-89.75446508799993,14.059401347000104],[-89.7480100679999,14.044894904000031],[-89.74725622599996,14.04320078500011],[-89.74764379899997,14.037645569000105],[-89.76226822999985,14.029997457000121],[-89.77694433599993,14.0357852180001],[-89.80296341999991,14.055473938000134],[-89.82110184699994,14.060073141000089],[-89.83585546899994,14.059091289000037],[-89.88011633299996,14.04268402100007],[-89.89078751699986,14.035888570000026],[-89.91207820699995,14.015192159000009],[-90.00817053299994,13.949692281000097],[-90.02297583099988,13.936954041000135],[-90.0314766029999,13.922923889000032],[-90.03809118699988,13.908376974000078],[-90.0473671069999,13.894295146000061],[-90.05964025899993,13.884709167000054],[-90.0870804439999,13.870472310000082],[-90.09904353899995,13.85850921600013],[-90.10697587099992,13.844065654000104],[-90.11229854299987,13.828252666000111],[-90.11477901199993,13.81200042800009],[-90.11431392499989,13.796264954000023],[-90.09830657513268,13.731404008980572],[-90.09832812399992,13.731414130000076],[-90.24555320799993,13.79072571100005],[-90.40115945399992,13.858588018000091],[-90.50020878599992,13.894699659000082],[-90.5804128879999,13.913267343000086],[-90.63801879499994,13.92235803400007],[-90.70727773599992,13.92888858100008],[-90.78461482599994,13.921538447000046],[-90.79624657599993,13.918160508000085],[-90.9103332009999,13.911135082000044],[-91.0437404239999,13.913584837000087],[-91.16576087099992,13.926703192000048],[-91.3164612519999,13.955679359000044],[-91.55186926999994,14.05727773600006],[-91.63711503799993,14.104437567000048],[-91.76255767099991,14.180174112000088],[-91.90819251199991,14.28384023600006],[-92.0495906239999,14.408026434000078],[-92.24625650399989,14.546279476000095],[-92.22609716799988,14.54934560200013],[-92.2080620939999,14.57050710100009],[-92.18607377099991,14.62957326300004],[-92.16473140499991,14.668149720000116],[-92.16080399699985,14.683497620000082],[-92.16173417199991,14.702333679000105],[-92.17938167299988,14.751581320000085],[-92.1801051439999,14.758790182000041],[-92.17881323299994,14.77338877400011],[-92.17938167299988,14.781243591000049],[-92.1886575929999,14.80589324900005],[-92.1908280029999,14.814238993000103],[-92.19165482699992,14.835297140000122],[-92.1867972419999,14.847260233000085],[-92.16602331599995,14.87082468700008],[-92.1546803389999,14.900797018000034],[-92.15757421899988,14.963041280000127],[-92.15421525099995,14.995933329000081],[-92.14235550999993,15.007483012000108],[-92.12987565099994,15.010945333000052],[-92.11698238099984,15.012392274000135],[-92.10383072999986,15.017869975000039],[-92.0935987959999,15.02941965800008],[-92.07380672199992,15.073706360000102],[-92.20335953799992,15.237158915000109],[-92.21093013499987,15.253359477000117],[-92.21129187099987,15.272066345000013],[-92.20465144899995,15.289507141000044],[-92.18617712399993,15.320383810000038],[-92.13744624899991,15.401825866000067],[-92.10593123099994,15.454469062000058],[-92.06853572599996,15.516935120000042],[-91.98959997599994,15.648968404000115],[-91.91056087199985,15.780950013000066],[-91.84167618899994,15.896085103000061],[-91.7929711509999,15.977578837000081],[-91.77447098799988,16.008429667000073],[-91.75188838699992,16.04630849200008],[-91.73984777899997,16.060984599000065],[-91.7237764089999,16.068787740000076],[-91.67840450099987,16.068891093000005],[-91.54048010299991,16.06914947500009],[-91.40260738199993,16.069304505000034],[-91.26478633699989,16.069511210000073],[-91.12691361599994,16.06976959300006],[-90.99479783199988,16.069868593000066],[-90.98898921799986,16.069872946000075],[-90.85111649699991,16.070131327000055],[-90.71329545199984,16.070338034000102],[-90.5754744059999,16.070596415000082],[-90.48573828199991,16.070699768000097],[-90.4661529139999,16.072921855000104],[-90.44819509699988,16.079259908000054],[-90.44784120199992,16.07968659300009],[-90.44416459199991,16.084652405],[-90.43742081699989,16.098863424000044],[-90.4344752609999,16.107183330000012],[-90.44021134499985,16.104857890000076],[-90.44274348999994,16.104186096000106],[-90.44452632699992,16.103255920000052],[-90.4481436769999,16.0997419240001],[-90.45558508399992,16.0997419240001],[-90.45948665399987,16.11679514600003],[-90.43530208399991,16.136277161000024],[-90.4481436769999,16.148214417000062],[-90.4481436769999,16.15441558900004],[-90.42612951699991,16.163148906000018],[-90.43271826199992,16.173225810000062],[-90.46181209399992,16.18914215100007],[-90.46558447299995,16.20810740200004],[-90.45850480199991,16.22174998000004],[-90.44623164899988,16.230845032000005],[-90.4344752609999,16.236322734000098],[-90.44798864799986,16.241490377000005],[-90.45783300899984,16.24913848900009],[-90.45943497799996,16.259060364000064],[-90.4481436769999,16.27110097300006],[-90.4437253429999,16.266863505000103],[-90.44062475599986,16.265313212000066],[-90.42767980999994,16.263607890000017],[-90.43142635099986,16.26893056300007],[-90.4375241699999,16.280040996000068],[-90.44129654999995,16.285363668000016],[-90.43674902399991,16.284846904000077],[-90.43550878899987,16.286242168000072],[-90.43550878899987,16.288774312000058],[-90.4344752609999,16.291564840000106],[-90.42855830999989,16.28763743100005],[-90.42023840399992,16.285363668000016],[-90.41406306999994,16.287844136999993],[-90.41401139299992,16.298386129000065],[-90.42018672799992,16.296009013000017],[-90.43473364299987,16.301228333000026],[-90.4448880619999,16.308359680000066],[-90.43788590499992,16.312080383000094],[-90.4194632569999,16.317816467000043],[-90.4046837979999,16.33151072200006],[-90.39879268399989,16.347582092000025],[-90.40719010499987,16.360449524000032],[-90.41401139299992,16.360449524000032],[-90.41401139299992,16.353008118000005],[-90.42080684399988,16.353008118000005],[-90.41822302299997,16.36716746100005],[-90.4087403979999,16.372335103000054],[-90.39512365699989,16.371404927000086],[-90.37985327199993,16.367270813000076],[-90.39137711699988,16.385977681000057],[-90.39269486499984,16.391713766000024],[-90.3929015709999,16.404839580000086],[-90.39491695199985,16.419205627000096],[-90.40060135999988,16.420549215000065],[-90.4094638679999,16.41667348300011],[-90.42080684399988,16.415123190000074],[-90.42669795799989,16.417707011000076],[-90.43411352599989,16.42240956600007],[-90.44437129799988,16.426802063000068],[-90.47584224499994,16.43072947200004],[-90.47842606699993,16.436413879000057],[-90.47708247899996,16.44499216700008],[-90.48230179899988,16.45605092400011],[-90.48821875099989,16.461580302000087],[-90.49775305299988,16.46803985600006],[-90.50891516199991,16.47108876500009],[-90.53289302599993,16.459926656000064],[-90.5390683599999,16.468866679000072],[-90.54371923899987,16.49020904500007],[-90.5534085699999,16.490260722000087],[-90.57935013899996,16.482767639000073],[-90.58472448799992,16.48023549500006],[-90.59061560099991,16.483387757000045],[-90.60467159099994,16.486178284000076],[-90.6207429619999,16.48674672500003],[-90.63309362799995,16.483336080000115],[-90.62787430799995,16.492896220000105],[-90.61898596199993,16.500079244000077],[-90.61206131999984,16.507624003000032],[-90.61262976099991,16.518114319000077],[-90.62415360499992,16.52493560800012],[-90.6395015059999,16.52586578400006],[-90.64818314699994,16.52958648700009],[-90.63996659299991,16.544831034000126],[-90.64353226799989,16.56100575800012],[-90.63702103799992,16.577903952000028],[-90.63376542199984,16.59216664600008],[-90.64735632399993,16.60007314000005],[-90.65025020399992,16.59340688100012],[-90.65360917199993,16.590099590000122],[-90.65882849199994,16.58844594300008],[-90.66720007399991,16.586999003000088],[-90.66720007399991,16.593200175000064],[-90.65402258299994,16.61660959900003],[-90.66771683799996,16.6525763960001],[-90.73530961099993,16.74657582600004],[-90.74977901199986,16.757686259000067],[-90.78559077999998,16.77499786400007],[-90.80037023999989,16.786831767000066],[-90.79695959599988,16.79866567000009],[-90.79695959599988,16.805435283000023],[-90.81060217299998,16.812928365000076],[-90.81995560699991,16.805331930000094],[-90.83173783399994,16.805435283000023],[-90.90062251899994,16.826002503000026],[-90.91907100399996,16.836337789000126],[-90.94816483599996,16.864708150000027],[-90.96888708599988,16.87437164300006],[-90.95276403799991,16.89090810200007],[-90.95519283099986,16.898762919000077],[-90.96883540899998,16.901036682000026],[-90.98625036699991,16.901088359000127],[-90.98795568899988,16.896902568000073],[-90.98428666299989,16.887755840000082],[-90.98325313399991,16.878609110000113],[-90.99307165599996,16.87437164300006],[-90.9983426519999,16.87716217000012],[-91.0109000249999,16.890287984000096],[-91.01668778499987,16.89483551100004],[-91.05492834599997,16.908012999999997],[-91.0668656009999,16.918193258000073],[-91.07130977499992,16.938915507000004],[-91.07694250499995,16.949509176000063],[-91.11223750899984,16.990488587000115],[-91.11611324099991,16.999273580000093],[-91.12122920799987,17.018393860000103],[-91.12655187999994,17.02459503200008],[-91.13714554899991,17.0265070600001],[-91.16122676599986,17.02397491500001],[-91.17120031799996,17.02800567700011],[-91.20675370399991,17.065367737000045],[-91.21595210799993,17.079217021000105],[-91.22024125199988,17.089293925000064],[-91.22535721899987,17.107018942000067],[-91.22959468599993,17.113995260000067],[-91.23879309099993,17.119214579000086],[-91.25920528199987,17.12433054700007],[-91.26313269099984,17.130738424000114],[-91.2651480719999,17.146241354000026],[-91.27083247999994,17.164276428000036],[-91.2795141199999,17.18008941600003],[-91.29041784699987,17.189081116000082],[-91.31775467999998,17.19047638000005],[-91.34452307199987,17.18634226500002],[-91.36488358599988,17.189752910000053],[-91.37294510899997,17.21357574500003],[-91.38834468599995,17.22158559200001],[-91.41924719299996,17.227735087000084],[-91.44250158699987,17.237967020000056],[-91.43826411999993,17.253676657000128],[-91.43077103699989,17.254968567000063],[-90.99198644999987,17.251919658000034],[-90.99144384799993,17.52694163050002],[-90.99090124599988,17.801963603000004],[-90.98283972199988,17.810541890000124],[-90.96222082599988,17.81601959300012],[-90.91912268099986,17.81601959300012],[-90.69923946199992,17.815812887000064],[-90.47945959499992,17.815606181000092],[-90.25965389099989,17.815347799000037],[-90.03977067099993,17.815141093000065],[-89.82001664299995,17.814986064000024],[-89.60015926199989,17.814727681000065],[-89.38030188099987,17.814520976000026],[-89.16049617499993,17.814314270000054],[-89.15621739539208,17.59824334848561],[-89.15072787410207,17.32103207973212],[-89.1492048451793,17.036270806333576],[-89.16606739756634,16.777009063383176],[-89.1843527061227,16.49587244432975],[-89.19313967135847,16.392625602808764],[-89.2085168605212,16.186131919766652],[-89.23413509199995,15.954944560000044],[-89.23602227599986,15.90649316800004],[-89.23651220799991,15.89391469300007],[-89.22824397799985,15.88084055600011],[-89.22599605399992,15.884044495000083],[-89.21653926699986,15.888643697000035],[-89.20483455399989,15.89241607700005],[-89.19576533999992,15.892932841000103],[-89.17744604499984,15.900270894000087],[-89.10091324899994,15.896808574000048],[-89.07238785899989,15.901511129000127],[-89.04032263199989,15.901717834000081],[-88.95187841899985,15.879651999000075],[-88.91397050699996,15.893947658000044],[-88.90001380099994,15.887844143000052],[-88.86620032499991,15.86033763200004],[-88.83161373599995,15.868638414000088],[-88.78734290299991,15.859076239000046],[-88.75328528599994,15.839789130000042],[-88.74950110599991,15.818793036000045],[-88.72679602799991,15.81517161700009],[-88.62596594999991,15.75389232000009],[-88.63829505099994,15.708807684000078],[-88.63621985599991,15.702093817000048],[-88.60924231699994,15.702093817000048],[-88.59837805899991,15.70612213700008],[-88.59520423099991,15.714667059000078],[-88.59634355399993,15.722154039000088],[-88.59870357999995,15.723211981000077],[-88.59898841099994,15.727362372000073],[-88.6023656889999,15.730902411000045],[-88.60558020699995,15.735541083000044],[-88.60545813699991,15.743068752000056],[-88.60045325399994,15.744574286000045],[-88.59117591099994,15.743557033000059],[-88.58218339799993,15.745021877000056],[-88.5781957669999,15.75389232000009],[-88.57433020699995,15.769964911000045],[-88.56550045499995,15.780951239000046],[-88.55606035099993,15.789496161000045],[-88.55028235599991,15.79828522300005],[-88.54906165299991,15.813666083000044],[-88.5567113919999,15.83734772300005],[-88.55768795499995,15.852932033000059],[-88.55028235599991,15.852932033000059],[-88.55064856699994,15.842474677000041],[-88.55028235599991,15.839260158000059],[-88.54405676999994,15.839260158000059],[-88.53213456899994,15.846828518000052],[-88.50304114499994,15.841376044000071],[-88.48884029899995,15.84674713700008],[-88.51195227799991,15.867580471000053],[-88.52481035099993,15.877020575000074],[-88.54328365799995,15.885158596000053],[-88.55101477799991,15.89516836100006],[-88.55768795499995,15.90656159100007],[-88.5645238919999,15.914984442000048],[-88.60757402299993,15.938421942000048],[-88.61986243399991,15.953273830000057],[-88.60545813699991,15.969631252000056],[-88.59019934799994,15.961004950000074],[-88.5618383449999,15.949042059000078],[-88.55028235599991,15.942328192000048],[-88.52122962099992,15.91274648600006],[-88.50023352799991,15.901068427000041],[-88.44790605399993,15.858710028000075],[-88.34483801999994,15.81195709800005],[-88.31102454299992,15.782416083000044],[-88.30040442599994,15.777818101000037],[-88.25633704299992,15.740383205000057],[-88.22154700399994,15.725897528000075],[-88.22093665299991,15.72565338700008],[-88.23261999599993,15.721418761999999],[-88.23574641999997,15.71242706300005],[-88.23491959699996,15.701575013000095],[-88.24158585599986,15.68824249300009],[-88.24776119099994,15.695683899000088],[-88.26499527999994,15.688604228000074],[-88.27969722499992,15.680749410000047],[-88.29558772899995,15.675013326000098],[-88.31667171299995,15.67459991400007],[-88.32230444399991,15.667261861000085],[-88.35256099499992,15.6169031780001],[-88.39899226999992,15.572797343000033],[-88.46743393599988,15.520739666000068],[-88.50001969399997,15.49590281200004],[-88.58737870299993,15.430299581],[-88.6741951089999,15.365058086000076],[-88.76089940199995,15.29996181400007],[-88.84702693699987,15.235298564000104],[-88.97342749099991,15.140394796000123],[-89.0082832439999,15.124400940000086],[-89.10982743399987,15.09145721400003],[-89.1405232349999,15.076393534000132],[-89.14694031899992,15.071284391000077],[-89.16080623499991,15.060244649000055],[-89.17276932899998,15.042209575000058],[-89.18858231699997,14.996088359000026],[-89.16910030099987,14.97841501900011],[-89.16915197799989,14.952060038000056],[-89.18152848299985,14.923663839000127],[-89.18921495599992,14.913059034000113],[-89.19881424999994,14.899815165000064],[-89.2236189379999,14.879015401000103],[-89.23144791699991,14.867310690000124],[-89.23242976899988,14.848500468000026],[-89.22767553799989,14.83457367000004],[-89.21896805899993,14.821680400000034],[-89.19881424999994,14.798090108000025],[-89.1894091399999,14.783000590000114],[-89.17054724099995,14.738791403000107],[-89.15966935299991,14.725122986000088],[-89.15052262499992,14.717294007000064],[-89.14621323399987,14.710857664000073],[-89.1445023199999,14.708302308000029],[-89.1426936449999,14.691274923000009],[-89.1452257899999,14.683445943000066],[-89.15584529599997,14.672257995000038],[-89.15941097099994,14.665979309000122],[-89.15522517999992,14.615594788000038],[-89.15574194399994,14.59784393400011],[-89.16039282299991,14.581281637000103],[-89.17214921099992,14.570403747000057],[-89.18369889399995,14.56952524800002],[-89.20881363999987,14.577948507000102],[-89.22108679199991,14.580093079000093],[-89.23811417699991,14.577948507000102],[-89.24568477499989,14.572987570000066],[-89.2505423589999,14.565184428000038],[-89.25961157199987,14.554254862000064],[-89.29092748999997,14.528003235000128],[-89.30485428899996,14.513352966000056],[-89.31480200199988,14.495963847000041],[-89.32304439299992,14.487463074000118],[-89.34526525899994,14.481959534000026],[-89.35549719299993,14.475448303000064],[-89.36198258499988,14.462400004000102],[-89.36379125999989,14.44656117800011],[-89.36162084999998,14.415477804000062]]]}},{"type":"Feature","properties":{"country":"El Salvador","iso_a3":"SLV"},"geometry":{"type":"MultiPolygon","coordinates":[[[[-90.09830657513268,13.731404008980572],[-90.11431392499989,13.796264954000023],[-90.11477901199993,13.81200042800009],[-90.11229854299987,13.828252666000111],[-90.10697587099992,13.844065654000104],[-90.09904353899995,13.85850921600013],[-90.0870804439999,13.870472310000082],[-90.05964025899993,13.884709167000054],[-90.0473671069999,13.894295146000061],[-90.03809118699988,13.908376974000078],[-90.0314766029999,13.922923889000032],[-90.02297583099988,13.936954041000135],[-90.00817053299994,13.949692281000097],[-89.91207820699995,14.015192159000009],[-89.89078751699986,14.035888570000026],[-89.88011633299996,14.04268402100007],[-89.83585546899994,14.059091289000037],[-89.82110184699994,14.060073141000089],[-89.80296341999991,14.055473938000134],[-89.77694433599993,14.0357852180001],[-89.76226822999985,14.029997457000121],[-89.74764379899997,14.037645569000105],[-89.74725622599996,14.04320078500011],[-89.7480100679999,14.044894904000031],[-89.75446508799993,14.059401347000104],[-89.7554469399999,14.067075297000102],[-89.75260473699993,14.07524017400003],[-89.7098683269999,14.148724060000077],[-89.68984370999996,14.170014750000064],[-89.6646256109999,14.18885081000009],[-89.63832230699987,14.200555522000073],[-89.5309386799999,14.225566915000059],[-89.52450496499995,14.231768087000134],[-89.52465999399988,14.247374369000084],[-89.52786393199995,14.2514568080001],[-89.54055049699991,14.257606303000074],[-89.54491715599988,14.261817932000014],[-89.54677750699989,14.268329163000075],[-89.54858618199998,14.28359954900013],[-89.54987809299993,14.288276265000007],[-89.55569169099991,14.299024963000122],[-89.55858557199991,14.302823182000054],[-89.56437333199997,14.308145853000099],[-89.57127213599995,14.311143087000104],[-89.59217525299994,14.31383026100005],[-89.59835058699991,14.327989604000095],[-89.5924336349999,14.336387024000075],[-89.58240840699997,14.343363343000064],[-89.57607804399996,14.353130189000112],[-89.57897192399994,14.364783223000089],[-89.58628413999992,14.374679261000082],[-89.5905732839999,14.38597056100005],[-89.58406205299991,14.401809387000057],[-89.56987687199987,14.412015483000118],[-89.55517492699997,14.41082692500001],[-89.54424536199991,14.400052388000077],[-89.54135148099991,14.381526387000036],[-89.52776057999992,14.391060689000128],[-89.50303340699992,14.420051168000015],[-89.49614812999991,14.42289748400006],[-89.48528255199989,14.427389222000102],[-89.46941788699988,14.425373840000049],[-89.4581265869999,14.419586080000073],[-89.44683528699994,14.415529481000078],[-89.43109981299995,14.418707580000046],[-89.40836218299998,14.441522726000045],[-89.39818192599992,14.445372620000086],[-89.39686417699997,14.426045635000037],[-89.39169653399995,14.43371958500012],[-89.39061132899988,14.43599334800004],[-89.36182156232267,14.41550574579234],[-89.36162084999998,14.415477804000062],[-89.34620628999991,14.413075726000088],[-89.30756730199991,14.407054546000069],[-89.27653560499996,14.392740173000078],[-89.22553096599992,14.382146505000009],[-89.20015783699992,14.36467987000006],[-89.15398494499996,14.351295675000117],[-89.1445023199999,14.35971893300011],[-89.13011043299989,14.38674570700006],[-89.12217810099992,14.394678040000102],[-89.11334143099992,14.397055156000064],[-89.10747615599993,14.395969951000069],[-89.10256689499991,14.391525777000055],[-89.09683081099985,14.384006856000013],[-89.09184403599988,14.37483429000011],[-89.0896736249999,14.364886577000021],[-89.09055212399994,14.354706320000048],[-89.09447953299991,14.34486195900007],[-89.08308487999992,14.335327657000079],[-89.04897843499992,14.331451925000039],[-89.0329845789999,14.323674622000027],[-89.02660253999994,14.311298117000149],[-89.02262345399987,14.28065399200004],[-89.01812760499988,14.27168813100009],[-88.99275447599987,14.252955424000106],[-88.98353023299987,14.242129211000062],[-88.97456437199992,14.227375590000051],[-88.9707919919999,14.214844056000047],[-88.9702284759999,14.210176262000104],[-88.96924169999997,14.202002462000067],[-88.96598608399998,14.19138295500008],[-88.95717525299989,14.18518178300009],[-88.94748592199997,14.187274679000055],[-88.93562618099995,14.194018453000083],[-88.92164770499994,14.199883728000088],[-88.90601558499989,14.199573670000092],[-88.88126257299987,14.184199931000123],[-88.86033361899987,14.158516744000053],[-88.8453216149999,14.128621928000115],[-88.83875870799992,14.100406596000056],[-88.82118872099994,14.102938741000045],[-88.77734126899992,14.099734802000071],[-88.76542985099991,14.104256490000097],[-88.7551204019999,14.110457662000087],[-88.74638708599991,14.111336162000029],[-88.73922989999997,14.099941508000128],[-88.7400567229999,14.083017477000041],[-88.74607702699984,14.066558533000062],[-88.7466454669999,14.052476705000032],[-88.73096166999994,14.042477316000117],[-88.7095159509999,14.039686788000054],[-88.70486507199985,14.038033142000103],[-88.69765620999988,14.032012838000071],[-88.69269527299994,14.025294902000056],[-88.69044734699992,14.016949157000084],[-88.69081175799997,14.011789871000062],[-88.69093827299986,14.009998678000088],[-88.6848146159999,14.01229827900002],[-88.65933813599989,14.016122335000148],[-88.63386165399996,14.014468689000097],[-88.55810400399986,13.990904236000105],[-88.51404984599989,13.987648621000119],[-88.50436051499986,13.983695374000135],[-88.49542049199994,13.97514292400011],[-88.49619563899995,13.971990662000067],[-88.49650569699992,13.969561870000106],[-88.49708534899992,13.969068092000015],[-88.49790096099991,13.968373311000079],[-88.49818257699994,13.968409755000081],[-88.50229345799991,13.968941752000134],[-88.50119810599995,13.966600438000029],[-88.49609228599991,13.95568674700013],[-88.49681575499991,13.944033712000063],[-88.50022639999995,13.931863912000068],[-88.50229345799991,13.917110291000057],[-88.49950293099994,13.907601827000065],[-88.48867671699989,13.881350200000043],[-88.48800492399991,13.865330506000078],[-88.49681575499991,13.851197002000049],[-88.47015071599986,13.852488912000098],[-88.45144384799988,13.863573507000098],[-88.43322790599984,13.87106659000004],[-88.3929461269999,13.879774068000103],[-88.38336014899988,13.879257304000063],[-88.36741796899986,13.87310780900009],[-88.36010575399987,13.872384338000103],[-88.35891719599994,13.87527821900008],[-88.35891719599994,13.881195170000098],[-88.35819372599985,13.887396343000077],[-88.3550673019999,13.890962016000046],[-88.34855607199992,13.891375427000057],[-88.34057206299985,13.890031840000091],[-88.3326138919999,13.88770640100006],[-88.32620601499985,13.885070903000056],[-88.31925553399986,13.89760243700006],[-88.30842932199994,13.901478170000104],[-88.29631119799984,13.902356669000142],[-88.28543330899987,13.905974019000027],[-88.27752681499993,13.913337911000028],[-88.2741707729999,13.919119724000055],[-88.27016292299993,13.926024475000077],[-88.26360001599994,13.93310414600009],[-88.2516369219999,13.938090922000058],[-88.2427744149999,13.936695658000076],[-88.23636653699995,13.938142599000074],[-88.23158646699994,13.951811015000075],[-88.23336930399992,13.954498190000024],[-88.24230932699996,13.96253387500009],[-88.24437638399993,13.96609954800006],[-88.2453582359999,13.98589162200004],[-88.24489314799987,13.989250591000058],[-88.23507462599989,13.992867941000043],[-88.2200626229999,13.991317647000116],[-88.2176588129999,13.99079670500008],[-88.19347509799991,13.985555725000054],[-88.17753291899996,13.985193990000056],[-88.12539139799989,13.991265971000104],[-88.09903641799994,13.98981903100011],[-88.0875384119999,13.980543112000092],[-88.07288814399993,13.94341359500001],[-88.0583929039999,13.926489563000104],[-88.03997025599998,13.910133972000054],[-88.02364050299985,13.891168722000103],[-88.0153205979999,13.86636403500006],[-87.9697419849999,13.888533223000081],[-87.95478165699984,13.892460633000056],[-87.95259489399993,13.89202903500005],[-87.94692683999992,13.89091033900013],[-87.93217321799989,13.881556905000096],[-87.92532609099993,13.879619039000062],[-87.9207527259999,13.881866963000078],[-87.90788529499989,13.891530457000101],[-87.90010799199987,13.894140117000106],[-87.89010860299996,13.893545837000147],[-87.87054907299995,13.889566752000064],[-87.86091141799994,13.890186870000036],[-87.8512220879999,13.896878968000053],[-87.84295385799996,13.907110901000038],[-87.83290279199991,13.915249939000134],[-87.81789078799994,13.915870057000106],[-87.8084598399999,13.908635356000048],[-87.79871883199993,13.882332051000105],[-87.79060563199994,13.870472310000082],[-87.78541215099992,13.86739756200005],[-87.77143367499991,13.862126567000104],[-87.76533585599987,13.858870952000117],[-87.74952872299991,13.845627388000096],[-87.72120418399987,13.821896464000076],[-87.70360835799988,13.814997661000106],[-87.71262589599985,13.800450745000148],[-87.73280554199994,13.75510467600013],[-87.73784399399989,13.738774923000094],[-87.73135860299993,13.72221262700009],[-87.73629370099988,13.711463929000075],[-87.74631892999989,13.702188009000054],[-87.75502640799996,13.689914857000119],[-87.75864375799995,13.672267355000116],[-87.75781693599993,13.635163676000047],[-87.76009069899993,13.616947734000092],[-87.78406856399994,13.560465394000047],[-87.78993383899984,13.53281850200004],[-87.77946936099991,13.509977519000131],[-87.7691599119999,13.506360168000057],[-87.74797257499995,13.513233135000107],[-87.73342565999991,13.507703756000112],[-87.72572587199991,13.498970439000047],[-87.7205840659999,13.486981507000081],[-87.71880122899992,13.473674825000074],[-87.72115250699994,13.460833232000084],[-87.73841243499996,13.441687113000071],[-87.8171687489999,13.40656159100007],[-87.81786048099991,13.406805731000077],[-87.8257136709999,13.411281643000052],[-87.83067786399994,13.419501044000071],[-87.83828691299993,13.44094472900008],[-87.86644446499992,13.393337307000081],[-87.87376868399991,13.365261135000083],[-87.85537675699993,13.352809963000084],[-87.84361731699994,13.348456122000073],[-87.81041419199994,13.317409572000088],[-87.79153398299991,13.304958401000079],[-87.78990637899994,13.299099026000079],[-87.78990637899994,13.28701406500005],[-87.79808508999992,13.265651760000083],[-87.81798255099994,13.250392971000053],[-87.89232337099992,13.213893947000088],[-87.91246497299994,13.198187567000048],[-87.91600501199991,13.182196356000077],[-87.89293372299994,13.166571356000077],[-87.92821204299992,13.158636786000045],[-88.06602942599994,13.16787344000005],[-88.09837805899991,13.174017645000049],[-88.10521399599992,13.174017645000049],[-88.12193762899994,13.167547919000071],[-88.2082820299999,13.160427151000079],[-88.30089270699995,13.174221096000053],[-88.32494055899991,13.166571356000077],[-88.33775794199994,13.170843817000048],[-88.35228430899991,13.174017645000049],[-88.35228430899991,13.180243231000077],[-88.32970130099994,13.181708075000074],[-88.32811438699991,13.197088934000078],[-88.34019934799994,13.216131903000075],[-88.3584285149999,13.228664455000057],[-88.35448157499991,13.220892645000049],[-88.3425593739999,13.204657294000071],[-88.3379207019999,13.194525458000044],[-88.3740535149999,13.195705471000053],[-88.39175370999993,13.193915106000077],[-88.40684973899994,13.187689520000049],[-88.39720618399991,13.183620510000083],[-88.38939368399991,13.184759833000044],[-88.37999426999994,13.18740469000005],[-88.36587480399993,13.187689520000049],[-88.36587480399993,13.180243231000077],[-88.38914954299992,13.170843817000048],[-88.4148249989999,13.171576239000046],[-88.4348445299999,13.183661200000074],[-88.44102942599994,13.208197333000044],[-88.4311824209999,13.203884182000081],[-88.42735755099994,13.201361395000049],[-88.41368567599994,13.215033270000049],[-88.41368567599994,13.221218166000085],[-88.43077551999994,13.228786526000079],[-88.44957434799994,13.254584052000041],[-88.46214758999992,13.262233791000085],[-88.4587703119999,13.247748114000046],[-88.45311438699991,13.235907294000071],[-88.45018469999991,13.225368557000081],[-88.45470130099994,13.215033270000049],[-88.46922766799992,13.223089911000045],[-88.5115046869999,13.23346588700008],[-88.52977454299992,13.242946682000081],[-88.54629472599993,13.271755276000079],[-88.5539851549999,13.27643463700008],[-88.5657039049999,13.277370510000083],[-88.5986628899999,13.283880927000041],[-88.61339270699995,13.283880927000041],[-88.65392005099994,13.27643463700008],[-88.71043860599991,13.274969794000071],[-88.72276770699995,13.269598700000074],[-88.71605383999992,13.264349677000041],[-88.70872962099992,13.260524807000081],[-88.70140540299991,13.259344794000071],[-88.6948542959999,13.262233791000085],[-88.66661536399994,13.25576406500005],[-88.58633378799993,13.264227606000077],[-88.57738196499992,13.262844143000052],[-88.5644832019999,13.256008205000057],[-88.55748450399994,13.249579169000071],[-88.54503333199995,13.234767971000053],[-88.53661048099991,13.228664455000057],[-88.53661048099991,13.221218166000085],[-88.55532792899993,13.224310614000046],[-88.56895911399994,13.226833401000079],[-88.5986628899999,13.235500393000052],[-88.5986628899999,13.228664455000057],[-88.51671301999994,13.212225653000075],[-88.4739070299999,13.198635158000059],[-88.45470130099994,13.180243231000077],[-88.4616999989999,13.16828034100007],[-88.47960364499994,13.171210028000075],[-88.4995417959999,13.181423244000086],[-88.51268469999991,13.191107489000046],[-88.52745520699995,13.198431708000044],[-88.78567460799991,13.245266018000052],[-88.81663977799991,13.25930410400008],[-89.06480872299994,13.372015692000048],[-89.18350175699993,13.443060614000046],[-89.25145423099991,13.472316799000055],[-89.32485917899993,13.48932526200008],[-89.35899817599994,13.48932526200008],[-89.38499915299991,13.495306708000044],[-89.52706672499994,13.494173340000089],[-89.5877900989999,13.508942124000043],[-89.61635256699992,13.514382675000093],[-89.67976587499993,13.53473242800004],[-89.71312760599994,13.527996506000079],[-89.80804823099993,13.526857633000077],[-89.82329652899995,13.537140191000049],[-89.83337667399991,13.573887876000072],[-89.83714758999992,13.596828518000052],[-89.84966205199993,13.606876111000076],[-89.87026259399994,13.619275773000084],[-89.9513182739999,13.664110063000066],[-90.02117074699993,13.695175041000084],[-90.09830657513268,13.731404008980572]]],[[[-87.72629342699992,13.198387437000065],[-87.72718743999991,13.211114757000075],[-87.71991332599993,13.21619097200005],[-87.70608658799995,13.211726236000061],[-87.6975649709999,13.193313885000066],[-87.69699627599994,13.178063536000082],[-87.69319351199994,13.167862440000079],[-87.70167341099994,13.163412359000063],[-87.71458480599995,13.167903057000046],[-87.72311091099994,13.164077582000061],[-87.72302839899993,13.174895253000045],[-87.72835187999993,13.185678928000073],[-87.72629342699992,13.198387437000065]]],[[[-87.76578205499993,13.248011011000074],[-87.75793319699994,13.243557905000046],[-87.75138678799993,13.228924729000084],[-87.75726736899992,13.220651650000036],[-87.76380481799993,13.214287112000079],[-87.77689019699994,13.225736371000039],[-87.78016881999991,13.241643430000067],[-87.77428618599993,13.247372301000041],[-87.76578205499993,13.248011011000074]]]]}},{"type":"Feature","properties":{"country":"Honduras","iso_a3":"HND"},"geometry":{"type":"MultiPolygon","coordinates":[[[[-89.36162084999998,14.415477804000062],[-89.36379125999989,14.44656117800011],[-89.36198258499988,14.462400004000102],[-89.35549719299993,14.475448303000064],[-89.34526525899994,14.481959534000026],[-89.32304439299992,14.487463074000118],[-89.31480200199988,14.495963847000041],[-89.30485428899996,14.513352966000056],[-89.29092748999997,14.528003235000128],[-89.25961157199987,14.554254862000064],[-89.2505423589999,14.565184428000038],[-89.24568477499989,14.572987570000066],[-89.23811417699991,14.577948507000102],[-89.22108679199991,14.580093079000093],[-89.20881363999987,14.577948507000102],[-89.18369889399995,14.56952524800002],[-89.17214921099992,14.570403747000057],[-89.16039282299991,14.581281637000103],[-89.15574194399994,14.59784393400011],[-89.15522517999992,14.615594788000038],[-89.15941097099994,14.665979309000122],[-89.15584529599997,14.672257995000038],[-89.1452257899999,14.683445943000066],[-89.1426936449999,14.691274923000009],[-89.1445023199999,14.708302308000029],[-89.14621323399987,14.710857664000073],[-89.15052262499992,14.717294007000064],[-89.15966935299991,14.725122986000088],[-89.17054724099995,14.738791403000107],[-89.1894091399999,14.783000590000114],[-89.19881424999994,14.798090108000025],[-89.21896805899993,14.821680400000034],[-89.22767553799989,14.83457367000004],[-89.23242976899988,14.848500468000026],[-89.23144791699991,14.867310690000124],[-89.2236189379999,14.879015401000103],[-89.19881424999994,14.899815165000064],[-89.18921495599992,14.913059034000113],[-89.18152848299985,14.923663839000127],[-89.16915197799989,14.952060038000056],[-89.16910030099987,14.97841501900011],[-89.18858231699997,14.996088359000026],[-89.17276932899998,15.042209575000058],[-89.16080623499991,15.060244649000055],[-89.14694031899992,15.071284391000077],[-89.1405232349999,15.076393534000132],[-89.10982743399987,15.09145721400003],[-89.0082832439999,15.124400940000086],[-88.97342749099991,15.140394796000123],[-88.84702693699987,15.235298564000104],[-88.76089940199995,15.29996181400007],[-88.6741951089999,15.365058086000076],[-88.58737870299993,15.430299581],[-88.50001969399997,15.49590281200004],[-88.46743393599988,15.520739666000068],[-88.39899226999992,15.572797343000033],[-88.35256099499992,15.6169031780001],[-88.32230444399991,15.667261861000085],[-88.31667171299995,15.67459991400007],[-88.29558772899995,15.675013326000098],[-88.27969722499992,15.680749410000047],[-88.26499527999994,15.688604228000074],[-88.24776119099994,15.695683899000088],[-88.24158585599986,15.68824249300009],[-88.23491959699996,15.701575013000095],[-88.23574641999997,15.71242706300005],[-88.23261999599993,15.721418761999999],[-88.22093665299991,15.72565338700008],[-88.21507727799991,15.723211981000077],[-88.16974850199995,15.691961981000077],[-88.14525305899991,15.684515692000048],[-88.11888587099992,15.695868231000077],[-88.06090247299994,15.75576406500005],[-88.03628495999993,15.77094147300005],[-88.04161536399994,15.786688544000071],[-88.03160559799994,15.789862372000073],[-87.9922582669999,15.78461334800005],[-87.93390865799995,15.818793036000045],[-87.92666581899994,15.83234284100007],[-87.92454993399991,15.842189846000053],[-87.93016516799992,15.84674713700008],[-87.94131425699993,15.84983958500004],[-87.95042883999992,15.856919664000088],[-87.95457923099991,15.86399974200009],[-87.95099850199995,15.86717357000009],[-87.90876217399995,15.868068752000056],[-87.89195716099994,15.87295156500005],[-87.87555904899995,15.884263414000088],[-87.84605872299994,15.893866278000075],[-87.76008053299995,15.899562893000052],[-87.74209550699993,15.904486395000049],[-87.73631751199991,15.91860586100006],[-87.72834225199995,15.92100657800006],[-87.72215735599991,15.92291901200008],[-87.70433508999992,15.920721747000073],[-87.68748938699991,15.914984442000048],[-87.64305579299992,15.889227606000077],[-87.62604732999995,15.88768138200004],[-87.62604732999995,15.893947658000059],[-87.63630123599995,15.903509833000044],[-87.62596594999991,15.914943752000056],[-87.59129798099991,15.935492255000042],[-87.61042232999995,15.910101630000042],[-87.61729895699995,15.894598700000074],[-87.60863196499992,15.88768138200004],[-87.60313880099994,15.88076406500005],[-87.50963294199994,15.798651434000078],[-87.47940019399994,15.786037502000056],[-87.4473363919999,15.792141018000052],[-87.44176184799994,15.797756252000056],[-87.43154863199993,15.813950914000088],[-87.42682857999995,15.818793036000045],[-87.41714433499993,15.819525458000044],[-87.39118404899995,15.818426825000074],[-87.38585364499994,15.82249583500004],[-87.37995357999995,15.839504299000055],[-87.36497962099992,15.848334052000041],[-87.34508216099994,15.85032786700009],[-87.24176998599995,15.827378648000092],[-87.15172278599994,15.79686107000009],[-87.05899003799993,15.78701406500005],[-86.95250403599994,15.763332424000055],[-86.91685950399994,15.76040273600006],[-86.87873287699995,15.764146226000037],[-86.81737219999991,15.78188711100006],[-86.7996313139999,15.78461334800005],[-86.79686438699991,15.787583726000037],[-86.78018144399994,15.800197658000059],[-86.77635657499991,15.801988023000092],[-86.77065995999993,15.80654531500005],[-86.75845292899993,15.802313544000071],[-86.74644934799994,15.795599677000041],[-86.74156653599994,15.792141018000052],[-86.69908606699994,15.788641669000071],[-86.50381425699993,15.805080471000053],[-86.47057044199994,15.804185289000088],[-86.43993079299992,15.792141018000052],[-86.43785559799994,15.790838934000078],[-86.41466223899994,15.77643463700008],[-86.39903723899994,15.772406317000048],[-86.37474524599992,15.77094147300005],[-86.35496985599991,15.773993231000077],[-86.33828691299993,15.781398830000057],[-86.24323482999995,15.83860911700009],[-86.21849524599992,15.865057684000078],[-86.20714270699995,15.87400950700004],[-86.17259680899991,15.887518622000073],[-86.13780676999994,15.895656643000052],[-85.99486243399991,15.90070221600007],[-85.98228919199994,15.90420156500005],[-85.97215735599991,15.90916575700004],[-85.93325761599993,15.936672268000052],[-85.9121801419999,15.95929596600007],[-85.90318762899994,15.98346588700008],[-85.91917883999992,16.003729559000078],[-85.9824926419999,16.012518622000073],[-86.01276607999995,16.019964911000045],[-86.00792395699995,16.031073309000078],[-85.98184160099993,16.033148505000042],[-85.90455155799992,16.018383360000087],[-85.85100487999995,16.00873366500008],[-85.81346594999991,16.00454336100006],[-85.76633174499995,15.991582225000059],[-85.71934973899994,15.979722398000092],[-85.7031957669999,15.97646719000005],[-85.69204667899993,15.971502997000073],[-85.68944251199991,15.96002838700008],[-85.68960527299993,15.946437893000052],[-85.68700110599991,15.935492255000042],[-85.67955481699994,15.935492255000042],[-85.68008378799993,15.942206122000073],[-85.67804928299995,15.945379950000074],[-85.67503821499992,15.947088934000078],[-85.67271887899994,15.949164130000042],[-85.65622070299992,15.948768477000044],[-85.64733440599991,15.935942688000068],[-85.62956311599993,15.922042590000046],[-85.60846394299995,15.907071985000073],[-85.56405479299991,15.888874601000055],[-85.48857766799995,15.869566580000082],[-85.43639440699991,15.873762960000079],[-85.36199054199994,15.881110034000073],[-85.25425015699994,15.884084998000048],[-85.19635478099991,15.90744777000009],[-85.12378296899993,15.958574594000083],[-85.0757802359999,15.986247321000064],[-84.99994869699992,15.987941799000055],[-84.95077418299991,15.972006975000056],[-84.85446430099995,15.929750654000088],[-84.73358944199992,15.895029350000073],[-84.67655175099992,15.876203025000052],[-84.66227681599992,15.865637092000043],[-84.6684806159999,15.853211763000047],[-84.68085407899991,15.83491673900005],[-84.68093923499993,15.819181622000087],[-84.68107992599994,15.794266759000038],[-84.66005391399995,15.774494092000054],[-84.64029712899992,15.771775004000062],[-84.61571324599993,15.77951835600004],[-84.61218850599994,15.799820681000085],[-84.60940910599993,15.808983062000038],[-84.5998703269999,15.808277578000059],[-84.59312922499993,15.795787892000078],[-84.57548515299993,15.783895482000048],[-84.55025536699992,15.787693059000048],[-84.52643280699994,15.784936377000065],[-84.47743654599992,15.778755998000065],[-84.46851640499995,15.789188903000081],[-84.45281117099995,15.795647751000047],[-84.47386733799993,15.804293073000053],[-84.49903320499993,15.809683259000053],[-84.57797454099995,15.822580437000056],[-84.60788738999992,15.835195009000074],[-84.63305496699991,15.847125321000078],[-84.64182970999991,15.862907079000081],[-84.60164559299994,15.854824790000066],[-84.4641675819999,15.829792031000068],[-84.3743154579999,15.820715618000065],[-84.31504191199991,15.81770380200004],[-84.29463838299995,15.811010146000058],[-84.24039439199993,15.767350999000087],[-84.16707050899993,15.709697431000052],[-84.0583060919999,15.620248106000076],[-83.95293320699994,15.532886512000061],[-83.89417073999994,15.485180693000075],[-83.81753495999993,15.439886786000045],[-83.79906165299991,15.429348049000055],[-83.78087317599994,15.421535549000055],[-83.74567623599995,15.415838934000078],[-83.73680579299992,15.411322333000044],[-83.72996985599991,15.401556708000044],[-83.72935950399994,15.393744208000044],[-83.73591061099995,15.388617255000042],[-83.7508031889999,15.386786200000074],[-83.76829993399991,15.393377997000073],[-83.80622311099995,15.422349351000037],[-83.83446204299992,15.431789455000057],[-83.85342363199993,15.44476959800005],[-83.86278235599991,15.448879299000055],[-83.89313717399995,15.449164130000042],[-83.90636145699995,15.451971747000073],[-83.91808020699995,15.46312083500004],[-83.9134008449999,15.46482982000009],[-83.90916907499991,15.46784088700008],[-83.90440833199995,15.46938711100006],[-83.91307532499991,15.481838283000059],[-83.94595292899993,15.517767645000049],[-83.95278886599993,15.517767645000049],[-83.96373450399994,15.512518622000073],[-83.97716223899994,15.520209052000041],[-83.99120032499991,15.531683661000045],[-84.00401770699995,15.537583726000037],[-84.02452551999994,15.535101630000042],[-84.03392493399991,15.528876044000071],[-84.04116777299993,15.520209052000041],[-84.05524654899995,15.510931708000044],[-84.06159420499995,15.51508209800005],[-84.08934485599991,15.524603583000044],[-84.07656816299993,15.535549221000053],[-84.07115637899994,15.54165273600006],[-84.06883704299992,15.548163153000075],[-84.07363847599993,15.550482489000046],[-84.08438066299993,15.55219147300005],[-84.09618079299992,15.55263906500005],[-84.10362708199995,15.551214911000045],[-84.10643469999991,15.540432033000059],[-84.10000566299993,15.523260809000078],[-84.08836829299992,15.50486888200004],[-84.07575436099995,15.490423895000049],[-84.07823645699995,15.488226630000042],[-84.07933508999992,15.487534898000092],[-84.08031165299991,15.486395575000074],[-84.08250891799992,15.482977606000077],[-84.08934485599991,15.482977606000077],[-84.11929277299993,15.53929271000004],[-84.13036048099991,15.551214911000045],[-84.14175370999993,15.553127346000053],[-84.15489661399994,15.55068594000005],[-84.1719457669999,15.545070705000057],[-84.18382727799991,15.54588450700004],[-84.20099850199995,15.54987213700008],[-84.21288001199991,15.551214911000045],[-84.2051488919999,15.528509833000044],[-84.19871985599991,15.520738023000092],[-84.18040930899991,15.514471747000073],[-84.18016516799992,15.50617096600007],[-84.18346106699994,15.494940497000073],[-84.18553626199991,15.482977606000077],[-84.17870032499991,15.482977606000077],[-84.17560787699995,15.49827708500004],[-84.1555883449999,15.507391669000071],[-84.1465551419999,15.535101630000042],[-84.13711503799993,15.53807200700004],[-84.12779700399994,15.532619533000059],[-84.11424719999991,15.49990469000005],[-84.09805253799993,15.473456122000073],[-84.09215247299994,15.450913804000038],[-84.11359615799995,15.44139232000009],[-84.12417558499993,15.430243231000077],[-84.1165258449999,15.404974677000041],[-84.09951738199993,15.37759023600006],[-84.08250891799992,15.36009349200009],[-84.0567113919999,15.346828518000052],[-84.03538977799991,15.341864325000074],[-84.02586829299992,15.351223049000055],[-84.03538977799991,15.380560614000046],[-84.02196204299992,15.370306708000044],[-84.01008053299995,15.356756903000075],[-84.00536048099991,15.341294664000088],[-84.01357988199993,15.325344143000052],[-83.99990800699993,15.30882396000004],[-83.98062089799993,15.30573151200008],[-83.93175208199995,15.311672268000052],[-83.93175208199995,15.304877020000049],[-83.94139563699991,15.305243231000077],[-83.94790605399993,15.303412177000041],[-83.95897376199991,15.298041083000044],[-83.95897376199991,15.291815497000073],[-83.95067298099991,15.274807033000059],[-83.93838456899994,15.25922272300005],[-83.92198645699995,15.247870184000078],[-83.90099036399994,15.243394273000092],[-83.88280188699991,15.24555084800005],[-83.85952714799993,15.251288153000075],[-83.83714758999992,15.25999583500004],[-83.82188880099994,15.270697333000044],[-83.83454342399995,15.282619533000059],[-83.87706458199995,15.304877020000049],[-83.88426673099991,15.311712958000044],[-83.88760331899994,15.31834544500009],[-83.89167232999995,15.323391018000052],[-83.90099036399994,15.325344143000052],[-83.91173255099994,15.326117255000042],[-83.98814856699994,15.352362372000073],[-84.00059973899994,15.36009349200009],[-84.02379309799994,15.39256419500009],[-84.03538977799991,15.401068427000041],[-84.02651933499993,15.408677476000037],[-84.01671301999994,15.413723049000055],[-83.99437415299991,15.421535549000055],[-83.90514075399994,15.38353099200009],[-83.89073645699995,15.363226630000042],[-83.88508053299995,15.35260651200008],[-83.87132727799991,15.34284088700008],[-83.85440019399994,15.335598049000055],[-83.82591712099992,15.329738674000055],[-83.81407630099994,15.321682033000059],[-83.80386308499993,15.310492255000042],[-83.79515540299991,15.298041083000044],[-83.80182857999995,15.29368724200009],[-83.80992591099994,15.286688544000071],[-83.81566321499992,15.284369208000044],[-83.81566321499992,15.278143622000073],[-83.79922441299993,15.274603583000044],[-83.78530839799993,15.284409898000092],[-83.77452551999994,15.285711981000077],[-83.76720130099994,15.256415106000077],[-83.76943925699993,15.219224351000037],[-83.76720130099994,15.20929596600007],[-83.7598363919999,15.202093817000048],[-83.75226803299995,15.202541408000059],[-83.74718176999994,15.20970286700009],[-83.7473852199999,15.22288646000004],[-83.73989824099993,15.22288646000004],[-83.73102779899995,15.20343659100007],[-83.72264563699991,15.20807526200008],[-83.70579993399991,15.237209377000056],[-83.6902563139999,15.245917059000078],[-83.66954505099994,15.251898505000042],[-83.63377844999991,15.256415106000077],[-83.62938391799992,15.261135158000059],[-83.63145911399994,15.28384023600006],[-83.63003495999993,15.291815497000073],[-83.62336178299995,15.296087958000044],[-83.61701412699995,15.295599677000041],[-83.60948645699995,15.29328034100007],[-83.54466712099992,15.280991929000038],[-83.52765865799995,15.284369208000044],[-83.52765865799995,15.278143622000073],[-83.53359941299993,15.272162177000041],[-83.53294837099992,15.268133856000077],[-83.52965247299994,15.263739325000074],[-83.52765865799995,15.256415106000077],[-83.52765865799995,15.226304429000038],[-83.53286699099993,15.21124909100007],[-83.54442298099991,15.20498281500005],[-83.55589758999992,15.20929596600007],[-83.56114661399994,15.226304429000038],[-83.56480872299994,15.231390692000048],[-83.57347571499992,15.234767971000053],[-83.58385169199994,15.23663971600007],[-83.59251868399991,15.237209377000056],[-83.59850012899994,15.233099677000041],[-83.60391191299993,15.224025783000059],[-83.61021887899994,15.20929596600007],[-83.61473548099991,15.20408763200004],[-83.61913001199991,15.200873114000046],[-83.62246660099993,15.19594961100006],[-83.6238500639999,15.185370184000078],[-83.62144934799994,15.176174221000053],[-83.61579342399995,15.174505927000041],[-83.60899817599994,15.177394924000055],[-83.60338294199994,15.18195221600007],[-83.60846920499995,15.19041575700004],[-83.60948645699995,15.196926174000055],[-83.6074926419999,15.202826239000046],[-83.60338294199994,15.20929596600007],[-83.59593665299991,15.20929596600007],[-83.59386145699995,15.184759833000044],[-83.58702551999994,15.167181708000044],[-83.57445227799991,15.16046784100007],[-83.55492102799991,15.16828034100007],[-83.54954993399991,15.174017645000049],[-83.54043535099993,15.188666083000044],[-83.5344945949999,15.195013739000046],[-83.52660071499992,15.199896552000041],[-83.48180091099994,15.21556224200009],[-83.48216712099992,15.21906159100007],[-83.48668372299994,15.229722398000092],[-83.49087480399993,15.235907294000071],[-83.49657141799992,15.24046458500004],[-83.50230872299994,15.246283270000049],[-83.50649980399993,15.256415106000077],[-83.50987708199995,15.27057526200008],[-83.51720130099994,15.28969961100006],[-83.52961178299995,15.30101146000004],[-83.5481664699999,15.291815497000073],[-83.57787024599992,15.309068101000037],[-83.59264075399994,15.312241929000038],[-83.61021887899994,15.304877020000049],[-83.61636308499993,15.311672268000052],[-83.61412512899994,15.31541575700004],[-83.61021887899994,15.325344143000052],[-83.62633216099994,15.327460028000075],[-83.66958574099993,15.342922268000052],[-83.67845618399991,15.349269924000055],[-83.68895423099991,15.360581773000092],[-83.70982825399994,15.36709219000005],[-83.72533118399991,15.375881252000056],[-83.71939042899993,15.394232489000046],[-83.70299231699994,15.402004299000055],[-83.68740800699993,15.393744208000044],[-83.67332923099991,15.380601304000038],[-83.66136633999992,15.37376536700009],[-83.65062415299991,15.370306708000044],[-83.54259192599994,15.315741278000075],[-83.40802975199995,15.266424872000073],[-83.35631262899994,15.229722398000092],[-83.3445531889999,15.210882880000042],[-83.32843990799995,15.146633205000057],[-83.31086178299995,15.10643138200004],[-83.28429114499994,15.06834544500009],[-83.25381425699993,15.044623114000046],[-83.13044447244795,14.997012021272383],[-83.14365413499993,14.994899801000088],[-83.1773988439999,14.996811829000109],[-83.19132564299989,14.994253845000117],[-83.21773230099987,14.982497457000122],[-83.26201900299989,14.98319508900002],[-83.2661531169999,14.982497457000122],[-83.27832291699991,14.987122498000076],[-83.28566097099991,14.992109274000128],[-83.2848858239999,14.997380269000075],[-83.27297440599995,15.003038839000098],[-83.31705440299993,15.007560526000134],[-83.33423681699992,15.00644948300004],[-83.34935217299991,14.996811829000109],[-83.35454565399993,15.010066834000028],[-83.36498429399987,15.016345521000119],[-83.37782588699994,15.021254781000053],[-83.39030574599994,15.030969950000099],[-83.39989172399993,15.013632508000086],[-83.41547216799998,14.996941020000051],[-83.43572932999987,14.985184631000052],[-83.45919042999995,14.982497457000122],[-83.46838883499996,14.987406719000063],[-83.48055863499988,15.005545146000088],[-83.48585546899992,15.01048024500004],[-83.49900712099989,15.012650655000115],[-83.50908402499991,15.011539612000107],[-83.51246883199994,15.006501160000141],[-83.50572505699989,14.996811829000109],[-83.51099605299993,14.99017140700002],[-83.51262386099998,14.984021911000042],[-83.51321813999994,14.96885487900002],[-83.5230366619999,14.977691548000024],[-83.52861771699992,14.973402405000058],[-83.52990962799987,14.961775207000088],[-83.52686071799994,14.94836517400006],[-83.53249344899987,14.951026509000073],[-83.54735042399992,14.955212301000103],[-83.54512833699991,14.952163391000084],[-83.54244116199988,14.945083720000056],[-83.54047745899993,14.941569723000015],[-83.55486934399994,14.937409770000073],[-83.57977738499991,14.918108623000123],[-83.60427201399997,14.90919443700011],[-83.60918127499991,14.89836822500007],[-83.61130000899988,14.884906514000107],[-83.61561499099986,14.872685038000085],[-83.62305639699989,14.872685038000085],[-83.63155716999998,14.883201192000044],[-83.64995397999988,14.888498027000082],[-83.6721490079999,14.88963490800009],[-83.6919669189999,14.886973572000073],[-83.71062211099988,14.878343607000119],[-83.71449784399994,14.86723317500011],[-83.70501521899985,14.83852691700011],[-83.71243078599986,14.83852691700011],[-83.7162031659999,14.847053528000032],[-83.7236187339999,14.851575216000057],[-83.73392818199991,14.852970480000039],[-83.74656306999992,14.852195333000026],[-83.74452185199988,14.836666565000101],[-83.76529577699992,14.82878590900006],[-83.82105464699987,14.825478618000062],[-83.81392329999994,14.81377390600008],[-83.8089881999999,14.808890483000056],[-83.80121089699989,14.803774516000061],[-83.81965938399989,14.80361948600003],[-83.83950313299988,14.797418315000044],[-83.85730566499993,14.787780661000028],[-83.86947546399992,14.77710947700011],[-83.87526322499991,14.784266663000068],[-83.87875138399994,14.786747132000045],[-83.88267879199992,14.78783233700004],[-83.88993933099991,14.790726216000024],[-83.88500423199986,14.781346944000077],[-83.88376399799992,14.77710947700011],[-83.89655391499988,14.780442606000122],[-83.91265112299996,14.797185771000073],[-83.92471756999993,14.803774516000061],[-83.92965266999988,14.780881857000054],[-83.92985937599994,14.771657613000045],[-83.92471756999993,14.763441061000009],[-84.02357458499989,14.758325094000028],[-84.04075699899997,14.76034047400006],[-84.0426690269999,14.76806610100006],[-84.04781083299989,14.770804952000105],[-84.06468318699987,14.770262349000063],[-84.07519934099992,14.771631775000031],[-84.07897172099987,14.77517161100009],[-84.08155554199996,14.779796651000055],[-84.10444820199987,14.793930156000087],[-84.11176041699986,14.793413392000048],[-84.12271582099993,14.784525045000038],[-84.1111144619999,14.761038106000058],[-84.1041898199999,14.751865540000068],[-84.09543066399993,14.743597310000027],[-84.09543066399993,14.736104228000073],[-84.10227779199988,14.731866760000031],[-84.10651525899993,14.732331848000058],[-84.11121781499992,14.734708964000092],[-84.11961523499991,14.736104228000073],[-84.12873612499988,14.734192200000066],[-84.13385209199987,14.73003224700004],[-84.13788285399997,14.725226339000116],[-84.14379980499987,14.721867371000101],[-84.16819108199991,14.714968567000128],[-84.18289302699989,14.713857523000044],[-84.1950111489999,14.718715108000055],[-84.2186789559999,14.743442282000075],[-84.2263787439999,14.749772644000089],[-84.23539628099985,14.754733582000128],[-84.24921972699991,14.759410298000105],[-84.26180293899992,14.758531799000068],[-84.26733231699984,14.746672058000058],[-84.26216467299992,14.699749858000104],[-84.26728063999991,14.67773569800002],[-84.28779618399989,14.667219544000062],[-84.2988807779999,14.667994690000072],[-84.32316870199992,14.673317363000109],[-84.33838741099993,14.674686788000088],[-84.34603552299993,14.679983622000037],[-84.35319270899996,14.705976868000093],[-84.3629337159999,14.715614523000113],[-84.3761370449999,14.696726787000074],[-84.39001216699995,14.671482849000114],[-84.40843481499988,14.649417013000033],[-84.4457193609999,14.636678772000067],[-84.47160925299994,14.622622783000054],[-84.48269384799994,14.619470520000093],[-84.4980159099999,14.623914693000089],[-84.50848038799987,14.632622172000069],[-84.51904821799994,14.638280742000092],[-84.53421525099995,14.633733215000063],[-84.53121801799992,14.653318583000086],[-84.5274197999999,14.6603982540001],[-84.60043859899994,14.662516989000082],[-84.62296952399996,14.667219544000062],[-84.66170100999989,14.683445943000066],[-84.6808471279999,14.68546132500012],[-84.69932145199991,14.674686788000088],[-84.71441097099992,14.708922424000093],[-84.72484960999995,14.725639750000127],[-84.7452876379999,14.73910146100009],[-84.74427994799993,14.752408142000107],[-84.74704463799989,14.764474590000091],[-84.7669400639999,14.766903381000049],[-84.76639746199993,14.768867086000085],[-84.7585684819999,14.778659770000047],[-84.75546789599986,14.781476135000105],[-84.77016984099996,14.805143942000129],[-84.79213232499993,14.821060283000065],[-84.81809973199998,14.828656718000033],[-84.84442887399993,14.827545675000124],[-84.90421850699988,14.81697784400005],[-84.92062577299993,14.807701925000032],[-84.96646276899989,14.764629618000129],[-84.98436865199994,14.752227275000067],[-84.9999482899999,14.742015988000105],[-85.00199031699995,14.740677592000026],[-85.01565873299987,14.728171896000035],[-85.02454707899997,14.712539775000081],[-85.0297922369999,14.675539449000027],[-85.0330478519999,14.669570821000008],[-85.03821549499989,14.667219544000062],[-85.05392513099986,14.66305959100012],[-85.04852494399998,14.653318583000086],[-85.02020625799989,14.633733215000063],[-85.04222041899988,14.61347605400006],[-85.04816320799989,14.605776266000063],[-85.02222163999994,14.605802104000077],[-85.02365718199988,14.602540872000063],[-85.02963720699995,14.5889555870001],[-85.06524226899984,14.554254862000064],[-85.08637792999988,14.544539693000033],[-85.1033536379999,14.556864522000083],[-85.11932165599993,14.573969422000033],[-85.13753759899987,14.578491109000055],[-85.14546992999993,14.564254252000083],[-85.1498107509999,14.536504008000051],[-85.15182613199994,14.485964457000108],[-85.15539180599993,14.47947906500005],[-85.1784911709999,14.455604553000072],[-85.17967972899993,14.44924835200004],[-85.17735428899991,14.433977966000086],[-85.1784911709999,14.427647603000068],[-85.20582800299994,14.407157899000097],[-85.18973079499995,14.396848450000093],[-85.17187658799992,14.381009623000097],[-85.15903499399991,14.361062520000075],[-85.15802730299993,14.338273214000083],[-85.16962866299988,14.321762594000091],[-85.19019588299997,14.309644470000109],[-85.21520727499987,14.301582947000028],[-85.23996028699992,14.297319641000058],[-85.2778132739999,14.297319641000058],[-85.2882002369999,14.295149231000067],[-85.31197139499997,14.283651225000142],[-85.3213506669999,14.28132578600011],[-85.3268283699999,14.275744731000088],[-85.3308849689999,14.26900095700006],[-85.33796463999994,14.260681050000102],[-85.3408068439999,14.253368836000021],[-85.34362320999986,14.250113221000035],[-85.34780900099992,14.249234721000093],[-85.35853186099993,14.250888367000044],[-85.36287268099991,14.250113221000035],[-85.37251033599992,14.241095683000083],[-85.38400834199985,14.226445414000096],[-85.39362015799995,14.210761617000045],[-85.40088069699993,14.18518178300009],[-85.40912308799997,14.166164856000123],[-85.42015600599987,14.146863708000083],[-85.4317315269999,14.132833557000069],[-85.45762141999984,14.113041483000089],[-85.47467464199988,14.103403829000072],[-85.51064143899995,14.093792013000055],[-85.51640336199992,14.080537008000064],[-85.51862544799991,14.064594828000025],[-85.52795304399987,14.050900574000096],[-85.54663407499993,14.044906108000077],[-85.56314591299991,14.042012281000098],[-85.57169714399993,14.04051361100008],[-85.59360795099988,14.033459778000065],[-85.60306473799994,14.01953298000008],[-85.6128057459999,14.009740295000114],[-85.64786820499992,13.999301657000089],[-85.64461258999995,13.988785503000116],[-85.64766149999988,13.98780365000006],[-85.65040035099992,13.987855327000076],[-85.65195064399984,13.986692607000066],[-85.65148555599993,13.981990052000086],[-85.65766088899989,13.981990052000086],[-85.66618750099991,13.984470520000059],[-85.68649633799993,13.9673397830001],[-85.69923457899989,13.961500346000022],[-85.71698543399992,13.962688904000046],[-85.72734655799994,13.965014344000068],[-85.73220414299993,13.959536641000085],[-85.73339269999988,13.937625834000116],[-85.74328873799996,13.907550151000052],[-85.74744868999989,13.88827484200003],[-85.74367630999987,13.879567363000149],[-85.72869014499989,13.87501983700011],[-85.72300573799996,13.86341847800007],[-85.72512447199992,13.847941386000059],[-85.73339269999988,13.831792501000066],[-85.7402931119999,13.825639142000043],[-85.74246191399993,13.823705139000069],[-85.74311460299992,13.823958222000059],[-85.74499405999993,13.824686991000135],[-85.75830074099994,13.83928558400001],[-85.77866125499989,13.84093923000006],[-85.80201900199992,13.840215760000063],[-85.82416235399984,13.84768300400009],[-85.84010453299996,13.866570740000029],[-85.84987137899992,13.887086283000087],[-85.8616019289999,13.904423727000108],[-85.88356441299987,13.913854675000067],[-85.89720699099988,13.913027853000045],[-85.90630204299995,13.909358826000044],[-85.91550044799996,13.907446798000123],[-85.92940140799993,13.91209767700009],[-85.93611934499995,13.918195496000052],[-85.95777176899995,13.94610076900004],[-86.02841345299993,13.996071879000098],[-86.0312556559999,14.022581889000023],[-86.02045528199997,14.044079284000048],[-86.02019689999989,14.055163879000062],[-86.0967296959999,14.044079284000048],[-86.11047562699991,14.037128805000066],[-86.12168941299987,14.027206930000062],[-86.12690873199989,14.018551127000109],[-86.13083614199988,14.008913473000092],[-86.1380191659999,13.996175232000041],[-86.14969803999989,13.98426381500009],[-86.16179032499988,13.978114319000028],[-86.17357255099998,13.973670146000117],[-86.18406286699991,13.966874695000072],[-86.21858272299991,13.91437144000011],[-86.2841084399999,13.845719299000052],[-86.29992142799989,13.82132802300012],[-86.30777624499984,13.79169158900008],[-86.31356400599992,13.776602072000074],[-86.32519120299986,13.76376047800008],[-86.34012569199993,13.756654968000063],[-86.35847082599992,13.75226247200007],[-86.41009558099992,13.749032695000082],[-86.41707189999994,13.750014547000148],[-86.42652868699992,13.752985942000066],[-86.43247147699992,13.757120056000076],[-86.44823278899989,13.772958883000086],[-86.46285721899997,13.770943502000137],[-86.47629309199993,13.764018860000064],[-86.49081416899986,13.759497172000124],[-86.50853918499988,13.764380595000148],[-86.5416637779999,13.78213145000008],[-86.58114457199991,13.77985768700006],[-86.66268998299995,13.764690654000049],[-86.7063048919999,13.770013326000083],[-86.7272338469999,13.768256327000103],[-86.74991979999987,13.757120056000076],[-86.7614436449999,13.749342753000064],[-86.76619787699988,13.745260315000067],[-86.76790319899996,13.739162496000105],[-86.77022863799988,13.72523569800012],[-86.77116759299986,13.707890404000082],[-86.77405269399992,13.65459401500003],[-86.7721406659999,13.645524801000064],[-86.76821325699984,13.640357158000057],[-86.7641295649999,13.637335555000078],[-86.75539750199997,13.630874532000078],[-86.75157344599992,13.624414978000033],[-86.75090165199992,13.608421122000081],[-86.75710282399993,13.576407573000083],[-86.75658605999988,13.559380188000148],[-86.72428828999992,13.439413351000056],[-86.72594193599986,13.423832906000115],[-86.73865433799992,13.39621185300011],[-86.74020463099993,13.381923320000041],[-86.73638057499988,13.371949768000121],[-86.73043778499988,13.368900858000103],[-86.72361649699991,13.367324727000067],[-86.71715694199986,13.361640320000035],[-86.70992224199989,13.34890207900007],[-86.70780350799993,13.34283009900011],[-86.70186071799992,13.314201355000137],[-86.7040311289999,13.298827616000068],[-86.7117825929999,13.285675965000081],[-86.72547684799991,13.273299459000029],[-86.73271527199995,13.268469503000077],[-86.73984289599994,13.26371348100011],[-86.74929968299989,13.26128468800006],[-86.75865311799993,13.264178569000052],[-86.81622066299988,13.291928813000084],[-86.83342891499987,13.293349915000078],[-86.84950028499992,13.288828227000053],[-86.86272945199991,13.279939880000128],[-86.91078853399998,13.239580587000063],[-86.91885005799986,13.229762065000088],[-86.9259814049999,13.216352031000056],[-86.93321610499987,13.18818837500001],[-86.93492142799994,13.185527038000075],[-86.93306107699993,13.1797134400001],[-86.92551631799998,13.163642070000037],[-86.9237076419999,13.161135763000047],[-86.93233760599992,13.108529155000056],[-86.92980546099994,13.102224630000137],[-86.92417272999992,13.099795838000077],[-86.92024532099995,13.096178487000103],[-86.92293249499997,13.08638580400013],[-86.92799678599994,13.081243998000048],[-86.94272456899995,13.074060975000094],[-86.9484089769999,13.06969431600001],[-86.97181840099995,13.03388254800008],[-86.98318721499996,13.02186777700011],[-87.0087670499999,13.00608062800012],[-87.02961848999988,12.996081238000102],[-87.03504451599994,12.979777324000068],[-87.04685257999995,12.980552470000077],[-87.0698485929999,12.994375915000134],[-87.08465389099993,12.99592620900006],[-87.31403561099995,12.98155345300006],[-87.31362870999993,12.981838283000059],[-87.30394446499992,12.988470770000049],[-87.3008113269999,13.001247463000084],[-87.29356848899994,13.011053778000075],[-87.28282630099994,13.01821523600006],[-87.26915442599994,13.023220119000086],[-87.26915442599994,13.029445705000057],[-87.29678300699993,13.03034088700008],[-87.3166804679999,13.034206447000088],[-87.33177649599992,13.042669989000046],[-87.34483801999994,13.057318427000041],[-87.3513484369999,13.067206122000073],[-87.3528132799999,13.072536526000079],[-87.35106360599991,13.088405666000085],[-87.34471594999991,13.090765692000048],[-87.31407630099994,13.095404364000046],[-87.30394446499992,13.098334052000041],[-87.36180579299992,13.113348700000074],[-87.3945613269999,13.116848049000055],[-87.4131160149999,13.111354885000083],[-87.41934160099993,13.111354885000083],[-87.42210852799991,13.14992910400008],[-87.43578040299991,13.189398505000042],[-87.45506751199991,13.224310614000046],[-87.47459876199991,13.249172268000052],[-87.48082434799994,13.26516347900008],[-87.48204505099994,13.26593659100007],[-87.48452714799993,13.270086981000077],[-87.49034583199995,13.269720770000049],[-87.49697831899994,13.268337307000081],[-87.50194251199991,13.269598700000074],[-87.50890051999994,13.278631903000075],[-87.51223710799991,13.286688544000071],[-87.51048743399991,13.294948635000083],[-87.50194251199991,13.304388739000046],[-87.4934382799999,13.309759833000044],[-87.47667395699995,13.317328192000048],[-87.46776282499991,13.324896552000041],[-87.44778398299991,13.352565822000088],[-87.44041907499991,13.359035549000055],[-87.42690995999993,13.356024481000077],[-87.41112219999991,13.359808661000045],[-87.37901770699995,13.372015692000048],[-87.3804011709999,13.380438544000071],[-87.38036048099991,13.386297919000071],[-87.37901770699995,13.393133856000077],[-87.39378821499992,13.406439520000049],[-87.40062415299991,13.411159572000088],[-87.40977942599994,13.413031317000048],[-87.42983964799993,13.409369208000044],[-87.4377742179999,13.411037502000056],[-87.4472957019999,13.420477606000077],[-87.4643855459999,13.408270575000074],[-87.46963456899994,13.40298086100006],[-87.47459876199991,13.393133856000077],[-87.47642981699994,13.379706122000073],[-87.47305253799993,13.372463283000059],[-87.47227942599994,13.367010809000078],[-87.48204505099994,13.359035549000055],[-87.48827063699991,13.358303127000056],[-87.5229792959999,13.359035549000055],[-87.5386042959999,13.355292059000078],[-87.54759680899991,13.35500722900008],[-87.55715898299991,13.359035549000055],[-87.55715898299991,13.36587148600006],[-87.54283606699994,13.36587148600006],[-87.54283606699994,13.372015692000048],[-87.5617976549999,13.376003322000088],[-87.5813289049999,13.382879950000074],[-87.59886633999992,13.384344794000071],[-87.61180579299992,13.372015692000048],[-87.61856035099993,13.372015692000048],[-87.6167292959999,13.381862697000088],[-87.60558020699995,13.406805731000077],[-87.61925208199995,13.41201406500005],[-87.62242591099994,13.423000393000052],[-87.61856035099993,13.451198635000083],[-87.62401282499991,13.46625397300005],[-87.63646399599992,13.463690497000073],[-87.65038001199991,13.452297268000052],[-87.66014563699991,13.44094472900008],[-87.65099036399994,13.412543036000045],[-87.66567949099993,13.386013088000084],[-87.69277910099993,13.366481838000084],[-87.7209773429999,13.359035549000055],[-87.73888098899994,13.36237213700008],[-87.76223710799991,13.376369533000059],[-87.78136145699995,13.382595119000086],[-87.78294837099992,13.389431057000081],[-87.78294837099992,13.396266994000086],[-87.78648841099994,13.399359442000048],[-87.79625403599994,13.39984772300005],[-87.8030085929999,13.401393947000088],[-87.8171687489999,13.40656159100007],[-87.73841243499996,13.441687113000071],[-87.72115250699994,13.460833232000084],[-87.71880122899992,13.473674825000074],[-87.7205840659999,13.486981507000081],[-87.72572587199991,13.498970439000047],[-87.73342565999991,13.507703756000112],[-87.74797257499995,13.513233135000107],[-87.7691599119999,13.506360168000057],[-87.77946936099991,13.509977519000131],[-87.78993383899984,13.53281850200004],[-87.78406856399994,13.560465394000047],[-87.76009069899993,13.616947734000092],[-87.75781693599993,13.635163676000047],[-87.75864375799995,13.672267355000116],[-87.75502640799996,13.689914857000119],[-87.74631892999989,13.702188009000054],[-87.73629370099988,13.711463929000075],[-87.73135860299993,13.72221262700009],[-87.73784399399989,13.738774923000094],[-87.73280554199994,13.75510467600013],[-87.71262589599985,13.800450745000148],[-87.70360835799988,13.814997661000106],[-87.72120418399987,13.821896464000076],[-87.74952872299991,13.845627388000096],[-87.76533585599987,13.858870952000117],[-87.77143367499991,13.862126567000104],[-87.78541215099992,13.86739756200005],[-87.79060563199994,13.870472310000082],[-87.79871883199993,13.882332051000105],[-87.8084598399999,13.908635356000048],[-87.81789078799994,13.915870057000106],[-87.83290279199991,13.915249939000134],[-87.84295385799996,13.907110901000038],[-87.8512220879999,13.896878968000053],[-87.86091141799994,13.890186870000036],[-87.87054907299995,13.889566752000064],[-87.89010860299996,13.893545837000147],[-87.90010799199987,13.894140117000106],[-87.90788529499989,13.891530457000101],[-87.9207527259999,13.881866963000078],[-87.92532609099993,13.879619039000062],[-87.93217321799989,13.881556905000096],[-87.94692683999992,13.89091033900013],[-87.95259489399993,13.89202903500005],[-87.95478165699984,13.892460633000056],[-87.9697419849999,13.888533223000081],[-88.0153205979999,13.86636403500006],[-88.02364050299985,13.891168722000103],[-88.03997025599998,13.910133972000054],[-88.0583929039999,13.926489563000104],[-88.07288814399993,13.94341359500001],[-88.0875384119999,13.980543112000092],[-88.09903641799994,13.98981903100011],[-88.12539139799989,13.991265971000104],[-88.17753291899996,13.985193990000056],[-88.19347509799991,13.985555725000054],[-88.2176588129999,13.99079670500008],[-88.2200626229999,13.991317647000116],[-88.23507462599989,13.992867941000043],[-88.24489314799987,13.989250591000058],[-88.2453582359999,13.98589162200004],[-88.24437638399993,13.96609954800006],[-88.24230932699996,13.96253387500009],[-88.23336930399992,13.954498190000024],[-88.23158646699994,13.951811015000075],[-88.23636653699995,13.938142599000074],[-88.2427744149999,13.936695658000076],[-88.2516369219999,13.938090922000058],[-88.26360001599994,13.93310414600009],[-88.27016292299993,13.926024475000077],[-88.2741707729999,13.919119724000055],[-88.27752681499993,13.913337911000028],[-88.28543330899987,13.905974019000027],[-88.29631119799984,13.902356669000142],[-88.30842932199994,13.901478170000104],[-88.31925553399986,13.89760243700006],[-88.32620601499985,13.885070903000056],[-88.3326138919999,13.88770640100006],[-88.34057206299985,13.890031840000091],[-88.34855607199992,13.891375427000057],[-88.3550673019999,13.890962016000046],[-88.35819372599985,13.887396343000077],[-88.35891719599994,13.881195170000098],[-88.35891719599994,13.87527821900008],[-88.36010575399987,13.872384338000103],[-88.36741796899986,13.87310780900009],[-88.38336014899988,13.879257304000063],[-88.3929461269999,13.879774068000103],[-88.43322790599984,13.87106659000004],[-88.45144384799988,13.863573507000098],[-88.47015071599986,13.852488912000098],[-88.49681575499991,13.851197002000049],[-88.48800492399991,13.865330506000078],[-88.48867671699989,13.881350200000043],[-88.49950293099994,13.907601827000065],[-88.50229345799991,13.917110291000057],[-88.50022639999995,13.931863912000068],[-88.49681575499991,13.944033712000063],[-88.49609228599991,13.95568674700013],[-88.50119810599995,13.966600438000029],[-88.50229345799991,13.968941752000134],[-88.49818257699994,13.968409755000081],[-88.49790096099991,13.968373311000079],[-88.49708534899992,13.969068092000015],[-88.49650569699992,13.969561870000106],[-88.49619563899995,13.971990662000067],[-88.49542049199994,13.97514292400011],[-88.50436051499986,13.983695374000135],[-88.51404984599989,13.987648621000119],[-88.55810400399986,13.990904236000105],[-88.63386165399996,14.014468689000097],[-88.65933813599989,14.016122335000148],[-88.6848146159999,14.01229827900002],[-88.69093827299986,14.009998678000088],[-88.69081175799997,14.011789871000062],[-88.69044734699992,14.016949157000084],[-88.69269527299994,14.025294902000056],[-88.69765620999988,14.032012838000071],[-88.70486507199985,14.038033142000103],[-88.7095159509999,14.039686788000054],[-88.73096166999994,14.042477316000117],[-88.7466454669999,14.052476705000032],[-88.74607702699984,14.066558533000062],[-88.7400567229999,14.083017477000041],[-88.73922989999997,14.099941508000128],[-88.74638708599991,14.111336162000029],[-88.7551204019999,14.110457662000087],[-88.76542985099991,14.104256490000097],[-88.77734126899992,14.099734802000071],[-88.82118872099994,14.102938741000045],[-88.83875870799992,14.100406596000056],[-88.8453216149999,14.128621928000115],[-88.86033361899987,14.158516744000053],[-88.88126257299987,14.184199931000123],[-88.90601558499989,14.199573670000092],[-88.92164770499994,14.199883728000088],[-88.93562618099995,14.194018453000083],[-88.94748592199997,14.187274679000055],[-88.95717525299989,14.18518178300009],[-88.96598608399998,14.19138295500008],[-88.96924169999997,14.202002462000067],[-88.9702284759999,14.210176262000104],[-88.9707919919999,14.214844056000047],[-88.97456437199992,14.227375590000051],[-88.98353023299987,14.242129211000062],[-88.99275447599987,14.252955424000106],[-89.01812760499988,14.27168813100009],[-89.02262345399987,14.28065399200004],[-89.02660253999994,14.311298117000149],[-89.0329845789999,14.323674622000027],[-89.04897843499992,14.331451925000039],[-89.08308487999992,14.335327657000079],[-89.09447953299991,14.34486195900007],[-89.09055212399994,14.354706320000048],[-89.0896736249999,14.364886577000021],[-89.09184403599988,14.37483429000011],[-89.09683081099985,14.384006856000013],[-89.10256689499991,14.391525777000055],[-89.10747615599993,14.395969951000069],[-89.11334143099992,14.397055156000064],[-89.12217810099992,14.394678040000102],[-89.13011043299989,14.38674570700006],[-89.1445023199999,14.35971893300011],[-89.15398494499996,14.351295675000117],[-89.20015783699992,14.36467987000006],[-89.22553096599992,14.382146505000009],[-89.27653560499996,14.392740173000078],[-89.30756730199991,14.407054546000069],[-89.34620628999991,14.413075726000088],[-89.36162084999998,14.415477804000062]]],[[[-87.61514238199993,13.29010651200008],[-87.61196855399993,13.282863674000055],[-87.61388098899994,13.267320054000038],[-87.6243383449999,13.25291575700004],[-87.6465551419999,13.249172268000052],[-87.65855872299994,13.25096263200004],[-87.66274980399993,13.252752997000073],[-87.66706295499995,13.256008205000057],[-87.66706295499995,13.262193101000037],[-87.66014563699991,13.262193101000037],[-87.66397050699993,13.26748281500005],[-87.67003333199995,13.278550523000092],[-87.67381751199991,13.283880927000041],[-87.65762285099993,13.289129950000074],[-87.64484615799995,13.290838934000078],[-87.61514238199993,13.29010651200008]]],[[[-87.62230383999992,13.368882554000038],[-87.61241614499994,13.366034247000073],[-87.58543860599991,13.37173086100006],[-87.57079016799992,13.372015692000048],[-87.57079016799992,13.36587148600006],[-87.58812415299991,13.357977606000077],[-87.57628333199995,13.318548895000049],[-87.59129798099991,13.304388739000046],[-87.63756262899994,13.319159247000073],[-87.6590063139999,13.331691799000055],[-87.65648352799991,13.34906647300005],[-87.64346269399994,13.367743231000077],[-87.63442949099993,13.373480536000045],[-87.62230383999992,13.368882554000038]]],[[[-86.87873287699995,16.12726471600007],[-86.87254798099991,16.12099844000005],[-86.88117428299995,16.10455963700008],[-86.87873287699995,16.09316640800006],[-86.89757239499994,16.093817450000074],[-86.91319739499994,16.09015534100007],[-86.94017493399991,16.07949453300006],[-86.96372050999992,16.066387834000068],[-86.97893522999993,16.077789236000058],[-86.9974046989999,16.083959264000043],[-86.98873517399994,16.095466383000087],[-86.9442512039999,16.11650834200009],[-86.91836503799993,16.12205638200004],[-86.90392005099994,16.124172268000052],[-86.89053300699993,16.127834377000056],[-86.87873287699995,16.12726471600007]]],[[[-86.60654222099993,16.285029102000067],[-86.59933288799994,16.309298272000092],[-86.57044680699994,16.332440401000042],[-86.53068158299993,16.356180794000068],[-86.49999980199993,16.368908871000087],[-86.44039043099991,16.396545291000052],[-86.3754442259999,16.41733268900009],[-86.3321254949999,16.429448093000076],[-86.30204736799993,16.432903318000058],[-86.26235147699992,16.43058202800006],[-86.23107686599991,16.428835329000037],[-86.18175088099991,16.428225143000077],[-86.20220896699993,16.422471073000054],[-86.22387007099991,16.412101045000043],[-86.2431121759999,16.41788107600007],[-86.2731858379999,16.41097205200009],[-86.29434160099993,16.415269273000092],[-86.31212317599994,16.412502346000053],[-86.31891842399995,16.409328518000052],[-86.33267167899993,16.400458075000074],[-86.33885657499991,16.39785390800006],[-86.34776770699995,16.39752838700008],[-86.36220588899994,16.39425436600004],[-86.38025356899993,16.381557601000054],[-86.41695974099991,16.364231547000088],[-86.45307127299992,16.35151137300005],[-86.49102177799995,16.32548782000009],[-86.52526554799994,16.315212384000063],[-86.5481526879999,16.312852734000046],[-86.56379927799992,16.29839045300008],[-86.58064996199994,16.282767000000092],[-86.60050418499992,16.269449111000085],[-86.60654222099993,16.285029102000067]]],[[[-85.91147268399993,16.462042911000083],[-85.89556983199992,16.48874459600006],[-85.88414466099994,16.502834377000056],[-85.8511312089999,16.517217619000064],[-85.83212822699994,16.510497688000044],[-85.81694999599995,16.498308834000056],[-85.82206111399995,16.48616301000004],[-85.84425413999992,16.483778923000045],[-85.84936685799994,16.46920508700009],[-85.86272049099995,16.452220959000044],[-85.88236256199991,16.451046980000058],[-85.89569953599994,16.436496074000047],[-85.94706822099994,16.403189644000065],[-85.95084725299995,16.41230787300009],[-85.94067911899992,16.42990270000007],[-85.92669127699992,16.45478223000009],[-85.91147268399993,16.462042911000083]]],[[[-83.94115149599992,17.41864655200004],[-83.93358313699991,17.41787344000005],[-83.92613684799994,17.41632721600007],[-83.91893469999991,17.41404857000009],[-83.91234290299991,17.41111888200004],[-83.9219457669999,17.409084377000056],[-83.93032792899993,17.409409898000092],[-83.93687903599994,17.412543036000045],[-83.94115149599992,17.41864655200004]]]]}},{"type":"Feature","properties":{"country":"Nicaragua","iso_a3":"NIC"},"geometry":{"type":"MultiPolygon","coordinates":[[[[-85.70173556599988,11.080880181000097],[-85.7024226549999,11.081203518000052],[-85.75230872299994,11.101711330000057],[-85.77171790299991,11.104681708000044],[-85.78579667899993,11.112250067000048],[-85.79369055899991,11.130031643000052],[-85.80308997299994,11.166083075000074],[-85.8213191399999,11.19281647300005],[-85.9280085929999,11.310736395000049],[-85.9367976549999,11.316961981000077],[-85.94151770699995,11.319118557000081],[-85.9568171869999,11.329779364000046],[-85.96011308499993,11.334011135000083],[-85.99486243399991,11.34365469000005],[-86.01036536399994,11.357977606000077],[-86.04393469999991,11.398098049000055],[-86.0705867179999,11.411688544000071],[-86.10472571499992,11.447292385000083],[-86.14830481699994,11.47174713700008],[-86.16274980399993,11.484523830000057],[-86.16665605399993,11.492621161000045],[-86.17613684799994,11.522406317000048],[-86.20714270699995,11.536037502000056],[-86.24437415299991,11.571600653000075],[-86.33645585799991,11.611354885000083],[-86.35208085799991,11.622626044000071],[-86.36538652299993,11.637966213000084],[-86.37661699099993,11.66946035400008],[-86.4963679679999,11.759426174000055],[-86.51561438699991,11.78310781500005],[-86.54238847599993,11.842352606000077],[-86.55321204299992,11.851345119000086],[-86.5632624989999,11.856634833000044],[-86.5896296869999,11.882839260000083],[-86.60521399599992,11.904689846000053],[-86.62222245999993,11.936102606000077],[-86.62547766799992,11.950995184000078],[-86.63036048099991,11.964911200000074],[-86.6418757799999,11.976507880000042],[-86.66649329299992,11.995306708000044],[-86.68980872299994,12.02407461100006],[-86.7275691399999,12.088283596000053],[-86.76268469999991,12.18227773600006],[-86.77257239499994,12.197414455000057],[-86.79751542899993,12.218532619000086],[-87.0022273429999,12.341376044000071],[-87.01504472599993,12.356838283000059],[-87.07140051999994,12.388698635000083],[-87.10195878799993,12.42096588700008],[-87.17100989499994,12.451442776000079],[-87.17357337099992,12.47451406500005],[-87.16209876199991,12.45962148600006],[-87.14248613199993,12.446844794000071],[-87.11961829299992,12.437689520000049],[-87.09780839799993,12.433539130000042],[-87.12267005099994,12.460353908000059],[-87.13548743399991,12.470485744000086],[-87.14932206899994,12.47451406500005],[-87.15786699099993,12.481024481000077],[-87.18040930899991,12.52297597900008],[-87.18663489499994,12.52297597900008],[-87.17642167899993,12.485907294000071],[-87.19273841099994,12.49990469000005],[-87.21886145699995,12.532253322000088],[-87.2380671869999,12.55023834800005],[-87.25047766799992,12.55532461100006],[-87.31297766799992,12.602809963000084],[-87.32127844999991,12.61123281500005],[-87.32579505099994,12.621608791000085],[-87.33120683499993,12.63898346600007],[-87.3340144519999,12.633571682000081],[-87.34178626199991,12.62409088700008],[-87.34483801999994,12.619167385000083],[-87.4548640619999,12.743801174000055],[-87.46776282499991,12.769964911000045],[-87.46349036399994,12.76516347900008],[-87.45933997299994,12.762396552000041],[-87.4472957019999,12.756293036000045],[-87.4472957019999,12.762518622000073],[-87.45205644399994,12.764186916000085],[-87.46092688699991,12.769964911000045],[-87.46092688699991,12.776190497000073],[-87.46349036399994,12.786322333000044],[-87.4802546869999,12.799994208000044],[-87.50291907499991,12.81195709800005],[-87.5229792959999,12.817165432000081],[-87.5229792959999,12.810939846000053],[-87.49644934799994,12.793850002000056],[-87.48253333199995,12.781195380000042],[-87.48204505099994,12.769964911000045],[-87.4922175769999,12.77138906500005],[-87.50698808499993,12.782416083000044],[-87.52920488199993,12.803493557000081],[-87.6465144519999,12.872381903000075],[-87.6709285149999,12.893500067000048],[-87.68565833199995,12.91828034100007],[-87.6858210929999,12.94757721600007],[-87.6670222649999,12.982245184000078],[-87.63882402299993,13.00649648600006],[-87.60997473899994,13.02407461100006],[-87.58877519399994,13.04633209800005],[-87.58385169199994,13.084662177000041],[-87.57762610599991,13.084662177000041],[-87.58043372299994,13.063177802000041],[-87.58385169199994,13.057318427000041],[-87.57262122299994,13.057318427000041],[-87.55907141799992,13.055568752000056],[-87.5476374989999,13.052150783000059],[-87.54283606699994,13.047430731000077],[-87.5381160149999,13.044501044000071],[-87.5127253899999,13.023220119000086],[-87.50637773299991,13.019680080000057],[-87.48827063699991,12.995917059000078],[-87.48387610599991,12.992621161000045],[-87.47105872299994,12.985052802000041],[-87.46776282499991,12.982245184000078],[-87.46690833199995,12.975734768000052],[-87.46898352799991,12.960638739000046],[-87.46776282499991,12.954291083000044],[-87.43504798099991,12.922390041000085],[-87.39248613199993,12.913397528000075],[-87.28958085799991,12.919582424000055],[-87.28958085799991,12.927028713000084],[-87.34166419199994,12.925726630000042],[-87.36778723899994,12.928534247000073],[-87.37901770699995,12.937567450000074],[-87.3689265619999,12.953558661000045],[-87.3205867179999,12.97719961100006],[-87.31403561099995,12.98155345300006],[-87.08465389099993,12.99592620900006],[-87.0698485929999,12.994375915000134],[-87.04685257999995,12.980552470000077],[-87.03504451599994,12.979777324000068],[-87.02961848999988,12.996081238000102],[-87.0087670499999,13.00608062800012],[-86.98318721499996,13.02186777700011],[-86.97181840099995,13.03388254800008],[-86.9484089769999,13.06969431600001],[-86.94272456899995,13.074060975000094],[-86.92799678599994,13.081243998000048],[-86.92293249499997,13.08638580400013],[-86.92024532099995,13.096178487000103],[-86.92417272999992,13.099795838000077],[-86.92980546099994,13.102224630000137],[-86.93233760599992,13.108529155000056],[-86.9237076419999,13.161135763000047],[-86.92551631799998,13.163642070000037],[-86.93306107699993,13.1797134400001],[-86.93492142799994,13.185527038000075],[-86.93321610499987,13.18818837500001],[-86.9259814049999,13.216352031000056],[-86.91885005799986,13.229762065000088],[-86.91078853399998,13.239580587000063],[-86.86272945199991,13.279939880000128],[-86.84950028499992,13.288828227000053],[-86.83342891499987,13.293349915000078],[-86.81622066299988,13.291928813000084],[-86.75865311799993,13.264178569000052],[-86.74929968299989,13.26128468800006],[-86.73984289599994,13.26371348100011],[-86.73271527199995,13.268469503000077],[-86.72547684799991,13.273299459000029],[-86.7117825929999,13.285675965000081],[-86.7040311289999,13.298827616000068],[-86.70186071799992,13.314201355000137],[-86.70780350799993,13.34283009900011],[-86.70992224199989,13.34890207900007],[-86.71715694199986,13.361640320000035],[-86.72361649699991,13.367324727000067],[-86.73043778499988,13.368900858000103],[-86.73638057499988,13.371949768000121],[-86.74020463099993,13.381923320000041],[-86.73865433799992,13.39621185300011],[-86.72594193599986,13.423832906000115],[-86.72428828999992,13.439413351000056],[-86.75658605999988,13.559380188000148],[-86.75710282399993,13.576407573000083],[-86.75090165199992,13.608421122000081],[-86.75157344599992,13.624414978000033],[-86.75539750199997,13.630874532000078],[-86.7641295649999,13.637335555000078],[-86.76821325699984,13.640357158000057],[-86.7721406659999,13.645524801000064],[-86.77405269399992,13.65459401500003],[-86.77116759299986,13.707890404000082],[-86.77022863799988,13.72523569800012],[-86.76790319899996,13.739162496000105],[-86.76619787699988,13.745260315000067],[-86.7614436449999,13.749342753000064],[-86.74991979999987,13.757120056000076],[-86.7272338469999,13.768256327000103],[-86.7063048919999,13.770013326000083],[-86.66268998299995,13.764690654000049],[-86.58114457199991,13.77985768700006],[-86.5416637779999,13.78213145000008],[-86.50853918499988,13.764380595000148],[-86.49081416899986,13.759497172000124],[-86.47629309199993,13.764018860000064],[-86.46285721899997,13.770943502000137],[-86.44823278899989,13.772958883000086],[-86.43247147699992,13.757120056000076],[-86.42652868699992,13.752985942000066],[-86.41707189999994,13.750014547000148],[-86.41009558099992,13.749032695000082],[-86.35847082599992,13.75226247200007],[-86.34012569199993,13.756654968000063],[-86.32519120299986,13.76376047800008],[-86.31356400599992,13.776602072000074],[-86.30777624499984,13.79169158900008],[-86.29992142799989,13.82132802300012],[-86.2841084399999,13.845719299000052],[-86.21858272299991,13.91437144000011],[-86.18406286699991,13.966874695000072],[-86.17357255099998,13.973670146000117],[-86.16179032499988,13.978114319000028],[-86.14969803999989,13.98426381500009],[-86.1380191659999,13.996175232000041],[-86.13083614199988,14.008913473000092],[-86.12690873199989,14.018551127000109],[-86.12168941299987,14.027206930000062],[-86.11047562699991,14.037128805000066],[-86.0967296959999,14.044079284000048],[-86.02019689999989,14.055163879000062],[-86.02045528199997,14.044079284000048],[-86.0312556559999,14.022581889000023],[-86.02841345299993,13.996071879000098],[-85.95777176899995,13.94610076900004],[-85.93611934499995,13.918195496000052],[-85.92940140799993,13.91209767700009],[-85.91550044799996,13.907446798000123],[-85.90630204299995,13.909358826000044],[-85.89720699099988,13.913027853000045],[-85.88356441299987,13.913854675000067],[-85.8616019289999,13.904423727000108],[-85.84987137899992,13.887086283000087],[-85.84010453299996,13.866570740000029],[-85.82416235399984,13.84768300400009],[-85.80201900199992,13.840215760000063],[-85.77866125499989,13.84093923000006],[-85.75830074099994,13.83928558400001],[-85.74499405999993,13.824686991000135],[-85.74311460299992,13.823958222000059],[-85.74246191399993,13.823705139000069],[-85.7402931119999,13.825639142000043],[-85.73339269999988,13.831792501000066],[-85.72512447199992,13.847941386000059],[-85.72300573799996,13.86341847800007],[-85.72869014499989,13.87501983700011],[-85.74367630999987,13.879567363000149],[-85.74744868999989,13.88827484200003],[-85.74328873799996,13.907550151000052],[-85.73339269999988,13.937625834000116],[-85.73220414299993,13.959536641000085],[-85.72734655799994,13.965014344000068],[-85.71698543399992,13.962688904000046],[-85.69923457899989,13.961500346000022],[-85.68649633799993,13.9673397830001],[-85.66618750099991,13.984470520000059],[-85.65766088899989,13.981990052000086],[-85.65148555599993,13.981990052000086],[-85.65195064399984,13.986692607000066],[-85.65040035099992,13.987855327000076],[-85.64766149999988,13.98780365000006],[-85.64461258999995,13.988785503000116],[-85.64786820499992,13.999301657000089],[-85.6128057459999,14.009740295000114],[-85.60306473799994,14.01953298000008],[-85.59360795099988,14.033459778000065],[-85.57169714399993,14.04051361100008],[-85.56314591299991,14.042012281000098],[-85.54663407499993,14.044906108000077],[-85.52795304399987,14.050900574000096],[-85.51862544799991,14.064594828000025],[-85.51640336199992,14.080537008000064],[-85.51064143899995,14.093792013000055],[-85.47467464199988,14.103403829000072],[-85.45762141999984,14.113041483000089],[-85.4317315269999,14.132833557000069],[-85.42015600599987,14.146863708000083],[-85.40912308799997,14.166164856000123],[-85.40088069699993,14.18518178300009],[-85.39362015799995,14.210761617000045],[-85.38400834199985,14.226445414000096],[-85.37251033599992,14.241095683000083],[-85.36287268099991,14.250113221000035],[-85.35853186099993,14.250888367000044],[-85.34780900099992,14.249234721000093],[-85.34362320999986,14.250113221000035],[-85.3408068439999,14.253368836000021],[-85.33796463999994,14.260681050000102],[-85.3308849689999,14.26900095700006],[-85.3268283699999,14.275744731000088],[-85.3213506669999,14.28132578600011],[-85.31197139499997,14.283651225000142],[-85.2882002369999,14.295149231000067],[-85.2778132739999,14.297319641000058],[-85.23996028699992,14.297319641000058],[-85.21520727499987,14.301582947000028],[-85.19019588299997,14.309644470000109],[-85.16962866299988,14.321762594000091],[-85.15802730299993,14.338273214000083],[-85.15903499399991,14.361062520000075],[-85.17187658799992,14.381009623000097],[-85.18973079499995,14.396848450000093],[-85.20582800299994,14.407157899000097],[-85.1784911709999,14.427647603000068],[-85.17735428899991,14.433977966000086],[-85.17967972899993,14.44924835200004],[-85.1784911709999,14.455604553000072],[-85.15539180599993,14.47947906500005],[-85.15182613199994,14.485964457000108],[-85.1498107509999,14.536504008000051],[-85.14546992999993,14.564254252000083],[-85.13753759899987,14.578491109000055],[-85.11932165599993,14.573969422000033],[-85.1033536379999,14.556864522000083],[-85.08637792999988,14.544539693000033],[-85.06524226899984,14.554254862000064],[-85.02963720699995,14.5889555870001],[-85.02365718199988,14.602540872000063],[-85.02222163999994,14.605802104000077],[-85.04816320799989,14.605776266000063],[-85.04222041899988,14.61347605400006],[-85.02020625799989,14.633733215000063],[-85.04852494399998,14.653318583000086],[-85.05392513099986,14.66305959100012],[-85.03821549499989,14.667219544000062],[-85.0330478519999,14.669570821000008],[-85.0297922369999,14.675539449000027],[-85.02454707899997,14.712539775000081],[-85.01565873299987,14.728171896000035],[-85.00199031699995,14.740677592000026],[-84.9999482899999,14.742015988000105],[-84.98436865199994,14.752227275000067],[-84.96646276899989,14.764629618000129],[-84.92062577299993,14.807701925000032],[-84.90421850699988,14.81697784400005],[-84.84442887399993,14.827545675000124],[-84.81809973199998,14.828656718000033],[-84.79213232499993,14.821060283000065],[-84.77016984099996,14.805143942000129],[-84.75546789599986,14.781476135000105],[-84.7585684819999,14.778659770000047],[-84.76639746199993,14.768867086000085],[-84.7669400639999,14.766903381000049],[-84.74704463799989,14.764474590000091],[-84.74427994799993,14.752408142000107],[-84.7452876379999,14.73910146100009],[-84.72484960999995,14.725639750000127],[-84.71441097099992,14.708922424000093],[-84.69932145199991,14.674686788000088],[-84.6808471279999,14.68546132500012],[-84.66170100999989,14.683445943000066],[-84.62296952399996,14.667219544000062],[-84.60043859899994,14.662516989000082],[-84.5274197999999,14.6603982540001],[-84.53121801799992,14.653318583000086],[-84.53421525099995,14.633733215000063],[-84.51904821799994,14.638280742000092],[-84.50848038799987,14.632622172000069],[-84.4980159099999,14.623914693000089],[-84.48269384799994,14.619470520000093],[-84.47160925299994,14.622622783000054],[-84.4457193609999,14.636678772000067],[-84.40843481499988,14.649417013000033],[-84.39001216699995,14.671482849000114],[-84.3761370449999,14.696726787000074],[-84.3629337159999,14.715614523000113],[-84.35319270899996,14.705976868000093],[-84.34603552299993,14.679983622000037],[-84.33838741099993,14.674686788000088],[-84.32316870199992,14.673317363000109],[-84.2988807779999,14.667994690000072],[-84.28779618399989,14.667219544000062],[-84.26728063999991,14.67773569800002],[-84.26216467299992,14.699749858000104],[-84.26733231699984,14.746672058000058],[-84.26180293899992,14.758531799000068],[-84.24921972699991,14.759410298000105],[-84.23539628099985,14.754733582000128],[-84.2263787439999,14.749772644000089],[-84.2186789559999,14.743442282000075],[-84.1950111489999,14.718715108000055],[-84.18289302699989,14.713857523000044],[-84.16819108199991,14.714968567000128],[-84.14379980499987,14.721867371000101],[-84.13788285399997,14.725226339000116],[-84.13385209199987,14.73003224700004],[-84.12873612499988,14.734192200000066],[-84.11961523499991,14.736104228000073],[-84.11121781499992,14.734708964000092],[-84.10651525899993,14.732331848000058],[-84.10227779199988,14.731866760000031],[-84.09543066399993,14.736104228000073],[-84.09543066399993,14.743597310000027],[-84.1041898199999,14.751865540000068],[-84.1111144619999,14.761038106000058],[-84.12271582099993,14.784525045000038],[-84.11176041699986,14.793413392000048],[-84.10444820199987,14.793930156000087],[-84.08155554199996,14.779796651000055],[-84.07897172099987,14.77517161100009],[-84.07519934099992,14.771631775000031],[-84.06468318699987,14.770262349000063],[-84.04781083299989,14.770804952000105],[-84.0426690269999,14.76806610100006],[-84.04075699899997,14.76034047400006],[-84.02357458499989,14.758325094000028],[-83.92471756999993,14.763441061000009],[-83.92985937599994,14.771657613000045],[-83.92965266999988,14.780881857000054],[-83.92471756999993,14.803774516000061],[-83.91265112299996,14.797185771000073],[-83.89655391499988,14.780442606000122],[-83.88376399799992,14.77710947700011],[-83.88500423199986,14.781346944000077],[-83.88993933099991,14.790726216000024],[-83.88267879199992,14.78783233700004],[-83.87875138399994,14.786747132000045],[-83.87526322499991,14.784266663000068],[-83.86947546399992,14.77710947700011],[-83.85730566499993,14.787780661000028],[-83.83950313299988,14.797418315000044],[-83.81965938399989,14.80361948600003],[-83.80121089699989,14.803774516000061],[-83.8089881999999,14.808890483000056],[-83.81392329999994,14.81377390600008],[-83.82105464699987,14.825478618000062],[-83.76529577699992,14.82878590900006],[-83.74452185199988,14.836666565000101],[-83.74656306999992,14.852195333000026],[-83.73392818199991,14.852970480000039],[-83.7236187339999,14.851575216000057],[-83.7162031659999,14.847053528000032],[-83.71243078599986,14.83852691700011],[-83.70501521899985,14.83852691700011],[-83.71449784399994,14.86723317500011],[-83.71062211099988,14.878343607000119],[-83.6919669189999,14.886973572000073],[-83.6721490079999,14.88963490800009],[-83.64995397999988,14.888498027000082],[-83.63155716999998,14.883201192000044],[-83.62305639699989,14.872685038000085],[-83.61561499099986,14.872685038000085],[-83.61130000899988,14.884906514000107],[-83.60918127499991,14.89836822500007],[-83.60427201399997,14.90919443700011],[-83.57977738499991,14.918108623000123],[-83.55486934399994,14.937409770000073],[-83.54047745899993,14.941569723000015],[-83.54244116199988,14.945083720000056],[-83.54512833699991,14.952163391000084],[-83.54735042399992,14.955212301000103],[-83.53249344899987,14.951026509000073],[-83.52686071799994,14.94836517400006],[-83.52990962799987,14.961775207000088],[-83.52861771699992,14.973402405000058],[-83.5230366619999,14.977691548000024],[-83.51321813999994,14.96885487900002],[-83.51262386099998,14.984021911000042],[-83.51099605299993,14.99017140700002],[-83.50572505699989,14.996811829000109],[-83.51246883199994,15.006501160000141],[-83.50908402499991,15.011539612000107],[-83.49900712099989,15.012650655000115],[-83.48585546899992,15.01048024500004],[-83.48055863499988,15.005545146000088],[-83.46838883499996,14.987406719000063],[-83.45919042999995,14.982497457000122],[-83.43572932999987,14.985184631000052],[-83.41547216799998,14.996941020000051],[-83.39989172399993,15.013632508000086],[-83.39030574599994,15.030969950000099],[-83.37782588699994,15.021254781000053],[-83.36498429399987,15.016345521000119],[-83.35454565399993,15.010066834000028],[-83.34935217299991,14.996811829000109],[-83.33423681699992,15.00644948300004],[-83.31705440299993,15.007560526000134],[-83.27297440599995,15.003038839000098],[-83.2848858239999,14.997380269000075],[-83.28566097099991,14.992109274000128],[-83.27832291699991,14.987122498000076],[-83.2661531169999,14.982497457000122],[-83.26201900299989,14.98319508900002],[-83.21773230099987,14.982497457000122],[-83.19132564299989,14.994253845000117],[-83.1773988439999,14.996811829000109],[-83.14365413499993,14.994899801000088],[-83.13044447244795,14.997012021272383],[-83.13776607999995,14.986721096000053],[-83.15607662699995,14.978461005000042],[-83.16515051999994,14.96906159100007],[-83.17983964799993,14.985988674000055],[-83.19188391799992,14.974269924000055],[-83.20148678299995,14.953070380000042],[-83.20889238199993,14.94171784100007],[-83.22166907499991,14.935695705000057],[-83.23387610599991,14.92133209800005],[-83.24290930899991,14.904364325000074],[-83.24644934799994,14.890570380000042],[-83.24909420499995,14.885891018000052],[-83.26183020699995,14.87376536700009],[-83.26695716099994,14.86664459800005],[-83.26952063699991,14.856919664000088],[-83.27135169199994,14.835516669000071],[-83.27379309799994,14.825669664000088],[-83.28197180899991,14.813177802000041],[-83.29401607999995,14.804266669000071],[-83.32843990799995,14.790961005000042],[-83.32599850199995,14.796942450000074],[-83.32323157499991,14.801703192000048],[-83.31476803299995,14.811428127000056],[-83.31476803299995,14.803941148000092],[-83.31139075399994,14.809515692000048],[-83.30943762899994,14.814113674000055],[-83.30858313699991,14.819037177000041],[-83.30850175699993,14.825669664000088],[-83.31627356699994,14.82103099200009],[-83.31948808499993,14.820257880000042],[-83.32843990799995,14.825669664000088],[-83.32843990799995,14.831854559000078],[-83.3164770169999,14.83734772300005],[-83.30508378799993,14.838771877000056],[-83.29507402299993,14.835191148000092],[-83.28742428299995,14.825669664000088],[-83.28819739499994,14.844549872000073],[-83.29893958199995,14.870428778000075],[-83.30166581899994,14.890570380000042],[-83.30785071499992,14.910589911000045],[-83.32217363199993,14.913885809000078],[-83.33836829299992,14.908026434000078],[-83.35016842399995,14.900824286000045],[-83.36986243399991,14.883002020000049],[-83.4141332669999,14.827704169000071],[-83.4246313139999,14.803941148000092],[-83.4148656889999,14.81391022300005],[-83.41152910099993,14.81826406500005],[-83.39781653599994,14.80760325700004],[-83.38695227799991,14.766546942000048],[-83.38023841099994,14.757391669000071],[-83.36705481699994,14.749701239000046],[-83.35265051999994,14.73623281500005],[-83.33751380099994,14.73143138200004],[-83.32217363199993,14.749945380000042],[-83.32945716099994,14.75608958500004],[-83.34788977799991,14.767075914000088],[-83.35631262899994,14.770453192000048],[-83.3450414699999,14.776556708000044],[-83.33348548099991,14.773260809000078],[-83.32298743399991,14.763413804000038],[-83.31476803299995,14.749945380000042],[-83.31541907499991,14.772772528000075],[-83.30817623599995,14.779852606000077],[-83.29922441299993,14.771185614000046],[-83.26012122299994,14.59601471600007],[-83.25796464799993,14.590399481000077],[-83.24860592399995,14.57172272300005],[-83.2403051419999,14.523993231000077],[-83.19180253799993,14.386908270000049],[-83.18659420499995,14.34764232000009],[-83.19139563699991,14.313421942000048],[-83.21857662699995,14.25031159100007],[-83.30166581899994,14.119940497000073],[-83.33751380099994,14.077541408000059],[-83.34264075399994,14.060980536000045],[-83.3496801419999,14.048773505000042],[-83.3972875639999,14.016302802000041],[-83.41738847599993,13.98859284100007],[-83.43126380099994,13.956732489000046],[-83.45531165299991,13.86391836100006],[-83.49380449099993,13.73773834800005],[-83.51748613199993,13.62368398600006],[-83.51602128799993,13.574652411000045],[-83.52017167899993,13.55076732000009],[-83.52037512899994,13.531642971000053],[-83.54133053299995,13.48187897300005],[-83.55915279899995,13.415838934000078],[-83.57013912699995,13.28709544500009],[-83.56822669199994,13.263006903000075],[-83.56114661399994,13.249172268000052],[-83.56859290299991,13.24290599200009],[-83.56297766799992,13.230658270000049],[-83.5295710929999,13.032619533000059],[-83.50767981699994,12.902777411000045],[-83.54133053299995,12.63898346600007],[-83.54133053299995,12.580633856000077],[-83.53799394399994,12.57103099200009],[-83.5235082669999,12.542303778000075],[-83.51382402299993,12.51048411700009],[-83.48591061099995,12.472154039000088],[-83.47923743399991,12.447211005000042],[-83.48180091099994,12.41665273600006],[-83.49229895699995,12.400336005000042],[-83.51256262899994,12.393784898000092],[-83.54474850199995,12.39256419500009],[-83.56924394399994,12.387640692000048],[-83.59422766799992,12.37881094000005],[-83.61758378799993,12.375148830000057],[-83.6375219389999,12.38572825700004],[-83.62999426999994,12.39288971600007],[-83.60936438699991,12.40721263200004],[-83.60338294199994,12.413723049000055],[-83.60252844999991,12.425441799000055],[-83.60631262899994,12.441148179000038],[-83.61270097599993,12.454901434000078],[-83.63463294199994,12.474107164000088],[-83.6328832669999,12.539536851000037],[-83.6375219389999,12.564520575000074],[-83.63385982999995,12.566473700000074],[-83.63267981699994,12.566595770000049],[-83.63206946499992,12.56712474200009],[-83.63003495999993,12.570746161000045],[-83.6238500639999,12.570746161000045],[-83.58844967399995,12.55963776200008],[-83.5637914699999,12.59088776200008],[-83.55540930899991,12.635891018000052],[-83.56859290299991,12.66632721600007],[-83.56859290299991,12.673773505000042],[-83.55996660099993,12.683254299000055],[-83.55654863199993,12.69672272300005],[-83.55492102799991,12.75259023600006],[-83.55313066299993,12.754706122000073],[-83.54906165299991,12.75804271000004],[-83.54442298099991,12.763088283000059],[-83.54133053299995,12.769964911000045],[-83.54466712099992,12.79677969000005],[-83.56403561099995,12.812689520000049],[-83.59080969999991,12.81907786700009],[-83.61636308499993,12.81712474200009],[-83.63703365799995,12.80532461100006],[-83.64590410099993,12.786851304000038],[-83.6453344389999,12.766506252000056],[-83.6375219389999,12.748846747000073],[-83.61554928299995,12.73729075700004],[-83.61327063699991,12.735256252000056],[-83.61339270699995,12.73187897300005],[-83.61168372299994,12.714911200000074],[-83.61021887899994,12.707912502000056],[-83.60594641799992,12.70107656500005],[-83.60130774599992,12.69822825700004],[-83.59748287699995,12.69432200700004],[-83.59593665299991,12.684027411000045],[-83.59642493399991,12.667141018000052],[-83.59862219999991,12.660223700000074],[-83.60338294199994,12.65265534100007],[-83.59943600199995,12.647935289000088],[-83.58910071499992,12.632147528000075],[-83.62047278599994,12.61424388200004],[-83.67369544199994,12.570461330000057],[-83.70579993399991,12.557074286000045],[-83.74901282499991,12.552557684000078],[-83.76720130099994,12.546698309000078],[-83.77464758999992,12.53351471600007],[-83.77464758999992,12.48143138200004],[-83.77342688699991,12.480292059000078],[-83.76943925699993,12.482489325000074],[-83.7610570949999,12.482001044000071],[-83.74901282499991,12.47947825700004],[-83.74095618399991,12.479722398000092],[-83.73424231699994,12.477687893000052],[-83.72622636599993,12.468329169000071],[-83.71939042899993,12.423651434000078],[-83.72337805899991,12.402289130000042],[-83.73037675699993,12.382066148000092],[-83.7337133449999,12.362982489000046],[-83.72622636599993,12.34479401200008],[-83.70767167899993,12.335882880000042],[-83.67634029899995,12.342474677000041],[-83.67100989499994,12.327093817000048],[-83.67218990799995,12.317084052000041],[-83.67731686099995,12.29751211100006],[-83.67845618399991,12.28611888200004],[-83.67638098899994,12.279852606000077],[-83.67174231699994,12.28896719000005],[-83.65587317599994,12.340277411000045],[-83.64976966099994,12.353176174000055],[-83.64093990799995,12.35846588700008],[-83.62120520699995,12.355658270000049],[-83.61701412699995,12.348049221000053],[-83.66372636599993,12.25608958500004],[-83.68590247299994,12.13743724200009],[-83.67857825399994,12.009426174000055],[-83.67100989499994,11.987941799000055],[-83.67784583199995,11.983872789000088],[-83.68529212099992,11.98110586100006],[-83.68122311099995,12.001654364000046],[-83.6883031889999,12.018744208000044],[-83.71324622299994,12.049302476000037],[-83.72374426999994,12.074652411000045],[-83.71524003799993,12.08539459800005],[-83.70067298099991,12.095200914000088],[-83.69273841099994,12.11823151200008],[-83.69786536399994,12.135199286000045],[-83.7110082669999,12.154730536000045],[-83.72862708199995,12.171576239000046],[-83.7473852199999,12.18032461100006],[-83.77774003799993,12.177150783000059],[-83.77627519399994,12.162298895000049],[-83.76032467399995,12.15306224200009],[-83.7473852199999,12.16665273600006],[-83.73989824099993,12.16665273600006],[-83.72305253799993,12.149359442000048],[-83.7161352199999,12.13890208500004],[-83.71324622299994,12.125677802000041],[-83.71690833199995,12.108791408000059],[-83.73204505099994,12.087062893000052],[-83.7337133449999,12.07103099200009],[-83.73936926999994,12.051947333000044],[-83.75731360599991,12.051336981000077],[-83.79857337099992,12.063625393000052],[-83.80394446499992,12.060288804000038],[-83.79173743399991,12.05296458500004],[-83.76720130099994,12.043158270000049],[-83.76130123599995,12.035345770000049],[-83.75723222599993,12.024644273000092],[-83.75495357999995,12.012274481000077],[-83.75422115799995,11.99909088700008],[-83.75625566299993,11.990057684000078],[-83.76520748599995,11.971625067000048],[-83.76720130099994,11.96430084800005],[-83.76553300699993,11.958807684000078],[-83.76211503799993,11.953070380000042],[-83.7598363919999,11.946844794000071],[-83.7610570949999,11.940130927000041],[-83.76626542899993,11.933986721000053],[-83.77188066299993,11.931057033000059],[-83.77708899599992,11.929266669000071],[-83.78087317599994,11.926459052000041],[-83.79938717399995,11.902899481000077],[-83.80508378799993,11.899115302000041],[-83.81371008999992,11.896185614000046],[-83.82347571499992,11.88898346600007],[-83.83185787699995,11.87986888200004],[-83.83608964799993,11.871242580000057],[-83.82298743399991,11.862534898000092],[-83.80695553299995,11.848211981000077],[-83.79336503799993,11.83274974200009],[-83.78477942599994,11.81354401200008],[-83.77749589799993,11.808294989000046],[-83.76773027299993,11.804836330000057],[-83.75763912699995,11.803615627000056],[-83.74290930899991,11.805243231000077],[-83.74181067599994,11.809759833000044],[-83.74596106699994,11.81631094000005],[-83.7473852199999,11.824042059000078],[-83.74058997299994,11.843451239000046],[-83.73509680899991,11.853664455000057],[-83.72622636599993,11.857570705000057],[-83.70954342399995,11.85814036700009],[-83.69994055899991,11.84992096600007],[-83.6536352199999,11.667466539000088],[-83.6511938139999,11.63226959800005],[-83.65172278599994,11.61937083500004],[-83.65298417899993,11.611517645000049],[-83.65680904899995,11.605414130000042],[-83.66478430899991,11.598089911000045],[-83.66673743399991,11.600978908000059],[-83.68089758999992,11.598130601000037],[-83.69473222599993,11.59365469000005],[-83.69587154899995,11.59125397300005],[-83.70376542899993,11.587958075000074],[-83.71373450399994,11.573472398000092],[-83.72280839799993,11.57021719000005],[-83.73493404899995,11.569973049000055],[-83.74469967399995,11.568508205000057],[-83.75304114499994,11.564601955000057],[-83.7610570949999,11.557114976000037],[-83.77122962099992,11.52610911700009],[-83.78091386599993,11.479315497000073],[-83.79442298099991,11.44399648600006],[-83.81566321499992,11.44725169500009],[-83.82188880099994,11.44725169500009],[-83.85362708199995,11.407416083000044],[-83.86278235599991,11.39203522300005],[-83.86803137899994,11.37490469000005],[-83.86790930899991,11.27366771000004],[-83.83726966099994,11.142523505000042],[-83.81566321499992,11.090399481000077],[-83.78563391799992,11.04482656500005],[-83.77594967399995,11.01984284100007],[-83.75206458199995,10.982245184000078],[-83.74364173099991,10.974310614000046],[-83.72545325399994,10.96320221600007],[-83.71825110599991,10.94399648600006],[-83.71031653599994,10.922674872000073],[-83.69273841099994,10.925930080000057],[-83.69652258999992,10.93659088700008],[-83.69649978585412,10.936594144736317],[-83.68875441084572,10.93458680566807],[-83.68097632478583,10.917119398852687],[-83.67879970906,10.916154380185779],[-83.67685011450057,10.910298763549688],[-83.6798318473562,10.897010590307339],[-83.66985451049317,10.891717678072528],[-83.66930680399994,10.869751078000064],[-83.66013423699985,10.834171855000093],[-83.66302811699984,10.807015889000112],[-83.69814225299987,10.78916168200007],[-83.76381811499996,10.773683168000034],[-83.76896480299993,10.77247019500004],[-83.83534318099996,10.74761383100008],[-83.85580704799992,10.723997701000059],[-83.85952775099992,10.721775615000055],[-83.88686458399985,10.72714996400012],[-83.89355668199997,10.724927877000113],[-83.90748347999997,10.715367737000108],[-83.91727616399993,10.7134815470001],[-83.92657792199995,10.714902649000095],[-83.93332169599998,10.718054911000053],[-83.99362809299987,10.765002950000095],[-83.99820145699991,10.782056173000043],[-84.00923437599991,10.789445903000043],[-84.02269608599997,10.78722381700004],[-84.03455582699988,10.775519104000068],[-84.05163488799994,10.779549866000053],[-84.07643957499997,10.763814393000075],[-84.08855769899986,10.775519104000068],[-84.09543066399993,10.775519104000068],[-84.10692867099993,10.766914978000031],[-84.11842667699997,10.771229960000099],[-84.13700435499993,10.78916168200007],[-84.14901912499988,10.787172140000038],[-84.15772972499994,10.788424645000106],[-84.16483211299987,10.789445903000043],[-84.18041255799992,10.789755961000125],[-84.19160050499994,10.781720276000044],[-84.19687150099989,10.788515727000089],[-84.21888566099997,10.80595652300012],[-84.22115942399998,10.809418844000078],[-84.2252418629999,10.81368214900003],[-84.2271022139999,10.819314881000068],[-84.2226580409999,10.827040507000063],[-84.21852392599988,10.829831035000026],[-84.2046488039999,10.836988220000066],[-84.2083695069999,10.860966085000072],[-84.2256552739999,10.875306295000073],[-84.24472387799989,10.88491811100009],[-84.25366390099992,10.89471079600014],[-84.26428340699991,10.901816305000082],[-84.31074051999994,10.919412130000055],[-84.3213083499999,10.9291531370001],[-84.32409887699995,10.936181132000115],[-84.33740555899988,10.952665914000093],[-84.34179805599987,10.959900615000066],[-84.34386511299994,10.972277121000033],[-84.34365840699988,10.982379863000062],[-84.3459838469999,10.989898784000019],[-84.35546647199988,10.994627177000098],[-84.36396724499988,10.989614563000131],[-84.4177624109999,10.955043030000041],[-84.42724503599987,10.95111562100007],[-84.43820043999995,10.952200826000066],[-84.44887162399996,10.956334941000094],[-84.4578374839999,10.961347555000145],[-84.46638993399992,10.968453064000087],[-84.48912756399989,10.99635833700006],[-84.49331335499994,10.999407248000097],[-84.49817093999985,11.001991069000098],[-84.50333858299987,11.004032288000047],[-84.50873876999992,11.005530904000054],[-84.55860652699997,11.027209168000056],[-84.58168005399995,11.034469706000024],[-84.60322912599989,11.03328114900009],[-84.62066992199993,11.035761617000077],[-84.65872961499988,11.0627367150001],[-84.6764546309999,11.070410665000082],[-84.70777054899992,11.063046774000085],[-84.78177119999992,11.01488433900009],[-84.88496903499995,10.94767913800004],[-84.90840429699992,10.939359233000076],[-84.93140030999987,10.941891378000065],[-85.09283748399992,11.000647482000119],[-85.23647823899992,11.053096617000051],[-85.27236140999992,11.066199036000043],[-85.4074177659999,11.115446676000118],[-85.50862605899991,11.15242116300007],[-85.54094966699998,11.17032704600004],[-85.56916499899995,11.195390117000045],[-85.59779374199994,11.209937032000099],[-85.6311508799999,11.196216939000067],[-85.65931453499985,11.158829041000018],[-85.67758215399991,11.11963246700006],[-85.70173556599988,11.080880181000097]]],[[[-83.66535239648923,10.935318186754772],[-83.66619549717815,10.931223787193453],[-83.67127580892124,10.926494741135784],[-83.67556438376928,10.92597648493106],[-83.67556438376928,10.929409915424063],[-83.67299123886046,10.931288568122966],[-83.67299123886046,10.933231989430151],[-83.67833546290187,10.935952757867287],[-83.68176632278032,10.935434518184676],[-83.68686707685461,10.937970246495594],[-83.68199622299994,10.938666083000044],[-83.66535239648923,10.935318186754772]]],[[[-83.72622636599993,11.878648179000038],[-83.73379472599993,11.905829169000071],[-83.73607337099992,11.941799221000053],[-83.72899329299992,11.973334052000041],[-83.70840410099993,11.98729075700004],[-83.70685787699995,11.98704661700009],[-83.70567786399994,11.98623281500005],[-83.70531165299991,11.984320380000042],[-83.70579993399991,11.98110586100006],[-83.71239173099991,11.970851955000057],[-83.71930904899995,11.95453522300005],[-83.72451738199993,11.936346747000073],[-83.72622636599993,11.92023346600007],[-83.72036699099993,11.883693752000056],[-83.71983801999994,11.870306708000044],[-83.72622636599993,11.878648179000038]]],[[[-83.05394446499992,12.143866278000075],[-83.0559789699999,12.166205145000049],[-83.04645748599995,12.183742580000057],[-83.0325414699999,12.190822658000059],[-83.02114824099993,12.181789455000057],[-83.02505449099993,12.175197658000059],[-83.05394446499992,12.143866278000075]]],[[[-82.76732337099992,14.414129950000074],[-82.75104732999995,14.422023830000057],[-82.73778235599991,14.421942450000074],[-82.72899329299992,14.413763739000046],[-82.72569739499994,14.397406317000048],[-82.73253333199995,14.369574286000045],[-82.75084387899994,14.361476955000057],[-82.80394446499992,14.36595286700009],[-82.80825761599993,14.366359768000052],[-82.80435136599993,14.366359768000052],[-82.80370032499991,14.36631907800006],[-82.80162512899994,14.366848049000055],[-82.80044511599993,14.369289455000057],[-82.8008520169999,14.373236395000049],[-82.78477942599994,14.381984768000052],[-82.77822831899994,14.39321523600006],[-82.77464758999992,14.404689846000053],[-82.76732337099992,14.414129950000074]]]]}},{"type":"Feature","properties":{"country":"Costa Rica","iso_a3":"CRI"},"geometry":{"type":"MultiPolygon","coordinates":[[[[-83.69649978585412,10.936594144736317],[-83.68686707685461,10.937970246495594],[-83.68176632278032,10.935434518184676],[-83.67833546290187,10.935952757867287],[-83.67299123886046,10.933231989430151],[-83.67299123886046,10.931288568122966],[-83.67556438376928,10.929409915424063],[-83.67556438376928,10.92597648493106],[-83.67127580892124,10.926494741135784],[-83.66619549717815,10.931223787193453],[-83.66535239648923,10.935318186754772],[-83.66075598899994,10.934393622000073],[-83.64435787699995,10.925930080000057],[-83.62425696499992,10.902899481000077],[-83.59870357999995,10.856594143000052],[-83.58055579299992,10.807318427000041],[-83.58287512899994,10.77570221600007],[-83.59756425699993,10.79360586100006],[-83.6238500639999,10.857611395000049],[-83.60692298099991,10.777777411000045],[-83.60863196499992,10.745510158000059],[-83.6375219389999,10.721096096000053],[-83.62222245999993,10.723863023000092],[-83.61188717399995,10.730861721000053],[-83.60216223899994,10.739569403000075],[-83.58910071499992,10.747748114000046],[-83.59365800699993,10.742661851000037],[-83.59471594999991,10.73655833500004],[-83.59300696499992,10.729315497000073],[-83.58910071499992,10.721096096000053],[-83.5852758449999,10.732855536000045],[-83.58104407499991,10.755804755000042],[-83.57542883999992,10.768255927000041],[-83.52696692599994,10.636053778000075],[-83.46617591099994,10.494533596000053],[-83.39452063699991,10.37604401200008],[-83.20372473899994,10.129339911000045],[-83.18838456899994,10.117743231000077],[-83.12466386599993,10.040594794000071],[-83.08531653599994,10.002142645000049],[-83.06151282499991,10.015326239000046],[-83.05239824099993,10.009588934000078],[-83.02603105399993,10.005031643000052],[-83.02057857999995,9.997381903000075],[-83.01984615799995,9.978705145000049],[-83.01667232999995,9.96312083500004],[-83.00934811099995,9.949286200000074],[-82.99632727799991,9.935939846000053],[-82.94977779899995,9.867580471000053],[-82.9348852199999,9.857082424000055],[-82.87726803299995,9.780096747000073],[-82.83381100199995,9.739488023000092],[-82.80825761599993,9.747219143000052],[-82.80247962099992,9.73151276200008],[-82.79698645699995,9.691229559000078],[-82.78774980399993,9.672756252000056],[-82.77232825399994,9.661037502000056],[-82.70523027299993,9.637925523000092],[-82.68138587099992,9.63548411700009],[-82.65794837099992,9.636297919000071],[-82.63589433499993,9.634507554000038],[-82.61644446499992,9.624335028000075],[-82.59142005099994,9.58698151200008],[-82.57457434799994,9.57680898600006],[-82.57359778599994,9.576198635000083],[-82.56283687399991,9.53869537300011],[-82.57061417699992,9.538230285000083],[-82.58588456299987,9.546240133000055],[-82.6011032719999,9.548668925000115],[-82.60820878199993,9.537868551000088],[-82.61239457299988,9.499498800000055],[-82.61885412599992,9.486708883000077],[-82.63213496999992,9.484667663000039],[-82.65071264699989,9.487845764000085],[-82.66820511899994,9.493168437000037],[-82.67804947999991,9.497767639000088],[-82.68866898699991,9.509446513000057],[-82.70145890399988,9.53355356900002],[-82.71169083699996,9.544999899000118],[-82.71972652199995,9.541330872000032],[-82.72936417699995,9.54489654600009],[-82.77109289599989,9.579855652000091],[-82.82902217599994,9.6027224730001],[-82.84747066299985,9.600655416000052],[-82.8660483409999,9.5850749720001],[-82.87739131699988,9.569184469000092],[-82.8792516689999,9.55990854900007],[-82.86713354499989,9.538643697000097],[-82.86020890299991,9.511203512000037],[-82.85591975899985,9.505441590000075],[-82.84938269099987,9.503477885000038],[-82.84478348899992,9.500687358000079],[-82.84638545799996,9.492548320000068],[-82.86129410899991,9.484099223000072],[-82.9146241869999,9.476864522000099],[-82.93330521699997,9.470327454000127],[-82.94170263699993,9.45634897900004],[-82.94428645899987,9.437151185000118],[-82.94320125399986,9.354313863000101],[-82.94165096099994,9.234424540000134],[-82.93952108499991,9.070641889000072],[-82.93937719799993,9.059577332000032],[-82.90945654399988,9.072005514000097],[-82.90023229999989,9.072057190000109],[-82.89328181999988,9.066941224000033],[-82.88969030799993,9.059370626000074],[-82.88687394299987,9.05148997000012],[-82.88242976999993,9.04534047500006],[-82.87656449499985,9.041929830000129],[-82.85408524699994,9.031982117000041],[-82.80817073599988,8.9983665970001],[-82.76269547599992,8.98299285900012],[-82.74913041199991,8.974078674000097],[-82.72334387199993,8.930928854000072],[-82.71936478699985,8.921523743000108],[-82.72015670999991,8.920237750000112],[-82.73386002599997,8.897985128000116],[-82.76378067999991,8.879950053000115],[-82.86692683999993,8.838066304000051],[-82.8785798749999,8.82977223800009],[-82.88832088299995,8.816930644000095],[-82.88356665099985,8.81238311800007],[-82.87563431899991,8.807525533000046],[-82.87578934799984,8.793908793000043],[-82.88511694399998,8.78318593400013],[-82.91488256899996,8.764789124000032],[-82.92296992999988,8.756159160000081],[-82.9241584889999,8.741198832000123],[-82.91922338899994,8.72706532800008],[-82.91033504299992,8.713913676000104],[-82.87894160999991,8.679057923000045],[-82.86222428499985,8.655700176000096],[-82.84979610299987,8.629861959000067],[-82.84186376999992,8.599476217000117],[-82.83597265699993,8.52976471000008],[-82.83891821399993,8.494624736000034],[-82.84829748599986,8.46516916900012],[-82.87041499899988,8.438116557000072],[-82.89651159699989,8.425352478000107],[-82.92477860499986,8.41674835200007],[-82.95351070199987,8.402098084000087],[-82.9977715659999,8.360162659000096],[-83.04329850299987,8.334737854000082],[-83.05210933499987,8.327632345000055],[-83.05324621699995,8.315100810000047],[-83.04407364999986,8.305359803000101],[-83.01606502399994,8.289004211000062],[-83.01076818899992,8.283371480000127],[-83.00110469599989,8.269237976000085],[-82.99552364099989,8.264819641000088],[-82.98919327799987,8.264457907000093],[-82.97712683099988,8.269237976000085],[-82.96800594099989,8.267971904000134],[-82.95051346899993,8.258825175000055],[-82.94366634199989,8.248567403000067],[-82.93909297799985,8.216838074000052],[-82.88640885499993,8.102193909000093],[-82.89136979199989,8.057545471000068],[-82.8976292589999,8.034748020000023],[-82.91124426999994,8.045355536000045],[-82.9096980459999,8.060614325000074],[-82.9021296869999,8.077460028000075],[-82.89761308499993,8.092800197000088],[-82.90038001199991,8.105047919000071],[-82.96849524599992,8.221218166000085],[-82.99258378799993,8.24640534100007],[-83.11685136599993,8.336127020000049],[-83.15086829299992,8.369289455000057],[-83.12149003799993,8.40493398600006],[-83.11607825399994,8.407782294000071],[-83.11046301999994,8.418036200000074],[-83.09959876199991,8.431341864000046],[-83.09268144399994,8.446682033000059],[-83.09902910099993,8.462713934000078],[-83.13170325399994,8.503200588000084],[-83.13719641799992,8.514553127000056],[-83.1377253899999,8.529323635000083],[-83.13060462099992,8.534491278000075],[-83.11815344999991,8.53815338700008],[-83.10244706899994,8.548041083000044],[-83.11424719999991,8.551784572000088],[-83.14342200399994,8.55023834800005],[-83.15770423099991,8.555487372000073],[-83.16515051999994,8.563747463000084],[-83.18504798099991,8.602687893000052],[-83.18175208199995,8.607855536000045],[-83.18016516799992,8.611354885000083],[-83.17821204299992,8.616970119000086],[-83.17137610599991,8.616970119000086],[-83.16173255099994,8.600734768000052],[-83.15880286399994,8.592800197000088],[-83.15770423099991,8.579413153000075],[-83.15330969999991,8.577175197000088],[-83.12356523299991,8.589016018000052],[-83.12356523299991,8.596462307000081],[-83.13723710799991,8.60219961100006],[-83.15172278599994,8.612860419000071],[-83.16405188699991,8.62563711100006],[-83.17137610599991,8.637477932000081],[-83.17821204299992,8.637477932000081],[-83.18578040299991,8.625189520000049],[-83.20396887899994,8.62445709800005],[-83.22476152299993,8.62685781500005],[-83.2402644519999,8.623806057000081],[-83.2475886709999,8.637233791000085],[-83.2593074209999,8.651312567000048],[-83.27318274599992,8.658474026000079],[-83.2873835929999,8.651068427000041],[-83.31908118399991,8.669582424000055],[-83.32835852799991,8.684597072000088],[-83.32217363199993,8.70571523600006],[-83.32900956899994,8.706203518000052],[-83.33580481699994,8.70571523600006],[-83.33169511599993,8.722072658000059],[-83.34585527299993,8.72992584800005],[-83.36693274599992,8.73427969000005],[-83.38365637899994,8.739813544000071],[-83.38951575399994,8.728094794000071],[-83.3948054679999,8.728949286000045],[-83.4013972649999,8.733710028000075],[-83.41152910099993,8.733669338000084],[-83.4162898429999,8.728298244000086],[-83.4175105459999,8.721258856000077],[-83.4216609369999,8.71515534100007],[-83.43517005099994,8.712551174000055],[-83.46825110599991,8.717474677000041],[-83.4817195299999,8.712591864000046],[-83.48668372299994,8.692694403000075],[-83.47911536399994,8.698431708000044],[-83.47923743399991,8.698879299000055],[-83.47301184799994,8.698879299000055],[-83.43789628799993,8.646429755000042],[-83.43325761599993,8.630519924000055],[-83.41274980399993,8.598456122000073],[-83.40477454299992,8.589016018000052],[-83.39159094999991,8.582302151000079],[-83.35423743399991,8.571071682000081],[-83.33922278599994,8.569159247000073],[-83.3254695299999,8.560980536000045],[-83.31236731699994,8.545070705000057],[-83.29971269399994,8.534369208000044],[-83.2873835929999,8.541815497000073],[-83.28685462099992,8.517157294000071],[-83.2888484369999,8.507025458000044],[-83.29491126199991,8.500270901000079],[-83.29491126199991,8.493434963000084],[-83.27981523299991,8.472927151000079],[-83.2737117179999,8.437933661000045],[-83.27635657499991,8.401556708000044],[-83.2873835929999,8.376735744000086],[-83.3098445299999,8.375921942000048],[-83.34642493399991,8.387600002000056],[-83.3808894519999,8.404120184000078],[-83.3972468739999,8.417669989000046],[-83.39110266799992,8.417669989000046],[-83.38662675699993,8.414129950000074],[-83.38296464799993,8.412502346000053],[-83.36937415299991,8.410915432000081],[-83.38866126199991,8.419501044000071],[-83.39647376199991,8.424587307000081],[-83.40477454299992,8.43195221600007],[-83.40477454299992,8.417669989000046],[-83.4624324209999,8.442694403000075],[-83.48294023299991,8.44562409100007],[-83.54417883999992,8.438259182000081],[-83.56114661399994,8.438177802000041],[-83.57559160099993,8.444973049000055],[-83.5888972649999,8.458563544000071],[-83.61327063699991,8.490016994000086],[-83.7002253899999,8.570339260000083],[-83.70579993399991,8.579413153000075],[-83.71011308499993,8.580511786000045],[-83.73058020699995,8.588812567000048],[-83.73680579299992,8.592718817000048],[-83.73989824099993,8.623806057000081],[-83.70946204299992,8.670355536000045],[-83.70238196499992,8.678412177000041],[-83.68667558499993,8.687689520000049],[-83.67593339799993,8.691799221000053],[-83.67100989499994,8.68891022300005],[-83.66783606699994,8.682928778000075],[-83.6609187489999,8.689846096000053],[-83.63658606699994,8.726752020000049],[-83.63003495999993,8.733669338000084],[-83.64256751199991,8.74953847900008],[-83.62747148299991,8.767401434000078],[-83.60000566299993,8.782049872000073],[-83.57542883999992,8.788275458000044],[-83.57542883999992,8.79446035400008],[-83.59707597599993,8.797023830000057],[-83.60794023299991,8.796047268000052],[-83.61538652299993,8.79010651200008],[-83.62694251199991,8.777736721000053],[-83.63866126199991,8.772284247000073],[-83.64256751199991,8.78188711100006],[-83.63780676999994,8.798854885000083],[-83.6238093739999,8.815578518000052],[-83.59902910099993,8.827541408000059],[-83.58763587099992,8.835353908000059],[-83.58287512899994,8.846625067000048],[-83.58910071499992,8.856756903000075],[-83.60208085799991,8.863796291000085],[-83.61388098899994,8.873236395000049],[-83.61636308499993,8.890692450000074],[-83.59703528599994,8.880886135000083],[-83.5876765619999,8.87799713700008],[-83.57542883999992,8.877630927000041],[-83.58141028599994,8.884955145000049],[-83.58897864499994,8.89052969000005],[-83.60338294199994,8.898138739000046],[-83.60948645699995,8.903143622000073],[-83.61294511599993,8.907782294000071],[-83.61827551999994,8.910956122000073],[-83.63003495999993,8.911769924000055],[-83.61790930899991,8.91901276200008],[-83.61961829299992,8.924261786000045],[-83.62657630099994,8.928249416000085],[-83.63003495999993,8.931667385000083],[-83.62551835799991,8.942653713000084],[-83.6203914049999,8.950832424000055],[-83.61339270699995,8.95807526200008],[-83.60338294199994,8.966376044000071],[-83.62987219999991,9.035345770000049],[-83.63475501199991,9.044094143000052],[-83.6511531239999,9.06195709800005],[-83.6579890619999,9.055202541000085],[-83.6804499989999,9.084133205000057],[-83.70091712099992,9.117865302000041],[-83.72720292899993,9.144313869000086],[-83.76720130099994,9.151393947000088],[-83.76488196499992,9.17719147300005],[-83.7868953119999,9.199245510000083],[-83.81712805899991,9.214504299000055],[-83.83950761599993,9.220282294000071],[-83.91808020699995,9.294745184000078],[-83.99510657499991,9.330226955000057],[-84.00743567599994,9.33974844000005],[-84.10362708199995,9.37726471600007],[-84.10985266799992,9.37726471600007],[-84.11632239499994,9.37258535400008],[-84.12193762899994,9.372626044000071],[-84.12661699099993,9.376898505000042],[-84.13036048099991,9.384711005000042],[-84.1440730459999,9.378851630000042],[-84.15225175699993,9.385321356000077],[-84.16152910099993,9.394720770000049],[-84.17870032499991,9.397772528000075],[-84.16795813699991,9.416205145000049],[-84.18224036399994,9.442206122000073],[-84.20836341099994,9.464992580000057],[-84.23338782499991,9.473456122000073],[-84.23338782499991,9.46670156500005],[-84.22459876199991,9.464992580000057],[-84.21865800699993,9.462551174000055],[-84.20543372299994,9.45302969000005],[-84.23143469999991,9.457546291000085],[-84.27269446499992,9.481594143000052],[-84.2988582019999,9.487127997000073],[-84.32420813699991,9.489081122000073],[-84.45791581899994,9.52602773600006],[-84.48350989499994,9.528102932000081],[-84.49547278599994,9.52602773600006],[-84.50829016799992,9.521999416000085],[-84.52159583199995,9.519313869000086],[-84.53502356699994,9.521307684000078],[-84.54674231699994,9.531073309000078],[-84.55068925699993,9.54287344000005],[-84.55540930899991,9.552394924000055],[-84.5691218739999,9.555446682000081],[-84.56655839799993,9.55141836100006],[-84.56509355399993,9.548407294000071],[-84.56297766799992,9.541164455000057],[-84.57949785099993,9.554348049000055],[-84.61656653599994,9.578070380000042],[-84.62376868399991,9.592962958000044],[-84.62730872299994,9.606716213000084],[-84.63609778599994,9.613348700000074],[-84.64720618399991,9.617702541000085],[-84.65794837099992,9.624335028000075],[-84.66136633999992,9.634466864000046],[-84.6599421869999,9.644924221000053],[-84.66270911399994,9.651678778000075],[-84.67837480399993,9.65102773600006],[-84.67442786399994,9.662380276000079],[-84.67552649599992,9.67328522300005],[-84.67808997299994,9.683539130000042],[-84.67837480399993,9.692572333000044],[-84.67247473899994,9.703802802000041],[-84.65526282499991,9.720770575000074],[-84.6484675769999,9.737697658000059],[-84.64146887899994,9.746120510000083],[-84.63442949099993,9.757025458000044],[-84.63121497299994,9.771429755000042],[-84.6345515619999,9.783392645000049],[-84.6423640619999,9.793768622000073],[-84.65794837099992,9.809271552000041],[-84.69839433499993,9.868841864000046],[-84.70970618399991,9.87759023600006],[-84.72594153599994,9.884466864000046],[-84.72378495999993,9.899603583000044],[-84.70970618399991,9.922552802000041],[-84.73428300699993,9.942572333000044],[-84.73879960799991,9.952297268000052],[-84.73363196499992,9.966945705000057],[-84.76231848899994,9.97565338700008],[-84.85094153599994,9.966945705000057],[-84.85094153599994,9.974391994000086],[-84.8386531239999,9.97915273600006],[-84.82290605399993,9.980861721000053],[-84.78823808499993,9.980617580000057],[-84.78823808499993,9.987453518000052],[-84.8200984369999,9.988959052000041],[-84.84854081899994,9.993963934000078],[-84.87425696499992,10.002630927000041],[-84.89810136599993,10.015326239000046],[-84.92825273299991,10.04010651200008],[-84.93285071499992,10.045477606000077],[-84.93932044199994,10.046942450000074],[-84.95201575399994,10.055446682000081],[-84.9609675769999,10.064886786000045],[-84.95616614499994,10.069362697000088],[-84.97288977799991,10.077948309000078],[-85.01390540299991,10.115993557000081],[-85.03575598899994,10.126735744000086],[-85.04605058499993,10.136135158000059],[-85.05235755099994,10.138251044000071],[-85.05736243399991,10.136013088000084],[-85.06167558499993,10.13226959800005],[-85.06737219999991,10.131415106000077],[-85.0762019519999,10.138251044000071],[-85.07030188699991,10.148871161000045],[-85.06834876199991,10.155666408000059],[-85.07286536399994,10.158758856000077],[-85.07677161399994,10.160589911000045],[-85.0898738269999,10.172390041000085],[-85.10789954299992,10.166571356000077],[-85.1755671869999,10.16555410400008],[-85.19347083199995,10.170111395000049],[-85.20946204299992,10.18117910400008],[-85.23452714799993,10.207098700000074],[-85.23452714799993,10.213324286000045],[-85.2287898429999,10.231594143000052],[-85.24624589799993,10.252630927000041],[-85.28917395699995,10.282253322000088],[-85.28307044199994,10.26203034100007],[-85.2541804679999,10.241156317000048],[-85.24754798099991,10.216742255000042],[-85.2449031239999,10.170355536000045],[-85.23888098899994,10.143133856000077],[-85.22708085799991,10.124579169000071],[-85.24010169199994,10.11627838700008],[-85.23827063699991,10.102443752000056],[-85.22647050699993,10.08938222900008],[-85.19591223899994,10.07876211100006],[-85.18504798099991,10.067084052000041],[-85.17186438699991,10.04205963700008],[-85.16563880099994,10.04205963700008],[-85.15758216099994,10.045355536000045],[-85.1540828119999,10.042669989000046],[-85.15257727799991,10.035834052000041],[-85.16128495999993,10.035183010000083],[-85.17027747299994,10.036322333000044],[-85.17882239499994,10.038845119000086],[-85.18614661399994,10.04205963700008],[-85.18614661399994,10.035834052000041],[-85.16738847599993,10.01939524900007],[-85.14452063699991,9.999335028000075],[-85.08385169199994,9.97492096600007],[-85.0762019519999,9.970648505000042],[-85.06908118399991,9.973415432000081],[-85.05313066299993,9.966945705000057],[-85.01451575399994,9.944973049000055],[-84.99669348899994,9.939276434000078],[-84.9775691399999,9.938788153000075],[-84.95958411399994,9.946478583000044],[-84.94778398299991,9.937160549000055],[-84.92259680899991,9.921454169000071],[-84.91112219999991,9.911688544000071],[-84.91112219999991,9.905462958000044],[-84.93106035099993,9.90070221600007],[-84.93016516799992,9.886297919000071],[-84.91808020699995,9.869533596000053],[-84.90493730399993,9.857082424000055],[-84.91307532499991,9.854315497000073],[-84.92076575399994,9.848944403000075],[-84.93285071499992,9.836615302000041],[-84.91808020699995,9.830023505000042],[-84.90062415299991,9.828070380000042],[-84.86461341099994,9.82916901200008],[-84.86461341099994,9.822943427000041],[-84.8786921869999,9.81354401200008],[-84.89659583199995,9.80609772300005],[-84.91201738199993,9.795843817000048],[-84.91860917899993,9.778265692000048],[-84.92235266799992,9.774196682000081],[-84.94591223899994,9.760891018000052],[-84.95034745999993,9.753566799000055],[-84.95547441299993,9.735134182000081],[-84.95958411399994,9.727362372000073],[-84.99095618399991,9.742743231000077],[-85.0075984369999,9.744086005000042],[-85.01480058499993,9.73078034100007],[-85.01036536399994,9.722601630000042],[-84.99498450399994,9.703273830000057],[-84.99742591099994,9.699408270000049],[-85.02981523299991,9.683742580000057],[-85.03526770699995,9.682399807000081],[-85.03892981699994,9.67727285400008],[-85.06261145699995,9.665309963000084],[-85.06749426999994,9.657375393000052],[-85.08934485599991,9.588568427000041],[-85.09850012899994,9.571071682000081],[-85.11046301999994,9.555446682000081],[-85.11782792899993,9.555446682000081],[-85.1457820299999,9.612616278000075],[-85.22911536399994,9.724391994000086],[-85.23452714799993,9.737331447000088],[-85.23863684799994,9.742010809000078],[-85.24791419199994,9.747748114000046],[-85.2729792959999,9.758002020000049],[-85.27505449099993,9.76593659100007],[-85.2746882799999,9.775051174000055],[-85.27550208199995,9.782009182000081],[-85.29930579299992,9.808010158000059],[-85.33242753799993,9.826605536000045],[-85.43997148299991,9.864528713000084],[-85.44957434799994,9.862494208000044],[-85.4638972649999,9.85260651200008],[-85.47036699099993,9.85024648600006],[-85.4800105459999,9.852484442000048],[-85.49356035099993,9.862250067000048],[-85.50454667899993,9.864528713000084],[-85.51097571499992,9.865057684000078],[-85.5132136709999,9.86664459800005],[-85.51451575399994,9.869655666000085],[-85.51817786399994,9.874172268000052],[-85.5251765619999,9.877386786000045],[-85.53099524599992,9.875881252000056],[-85.53482011599993,9.872707424000055],[-85.53555253799993,9.870754299000055],[-85.5920710929999,9.888739325000074],[-85.61913001199991,9.89288971600007],[-85.62551835799991,9.89679596600007],[-85.63060462099992,9.901556708000044],[-85.63857988199993,9.905462958000044],[-85.64981035099993,9.904974677000041],[-85.65721594999991,9.900539455000057],[-85.66380774599992,9.900091864000046],[-85.67271887899994,9.911688544000071],[-85.6655574209999,9.93032461100006],[-85.67613684799994,9.955511786000045],[-85.77855383999992,10.079901434000078],[-85.78465735599991,10.09088776200008],[-85.79271399599992,10.11782461100006],[-85.80504309799994,10.136664130000042],[-85.8440242179999,10.231024481000077],[-85.84756425699993,10.259344794000071],[-85.8518367179999,10.276556708000044],[-85.8576960929999,10.289089260000083],[-85.84390214799993,10.302435614000046],[-85.8381648429999,10.31203847900008],[-85.84032141799992,10.320135809000078],[-85.8616023429999,10.346991278000075],[-85.87498938699991,10.355047919000071],[-85.86758378799993,10.364894924000055],[-85.85024980399993,10.378485419000071],[-85.83853105399993,10.395453192000048],[-85.8303523429999,10.41201406500005],[-85.8132624989999,10.405300197000088],[-85.8039851549999,10.41592031500005],[-85.79674231699994,10.431423244000086],[-85.77550208199995,10.447292385000083],[-85.78372148299991,10.465236721000053],[-85.79881751199991,10.483954169000071],[-85.80923417899993,10.494533596000053],[-85.80296790299991,10.498806057000081],[-85.80028235599991,10.500270901000079],[-85.79564368399991,10.501369533000059],[-85.79564368399991,10.508205471000053],[-85.80923417899993,10.508205471000053],[-85.80923417899993,10.515041408000059],[-85.79784094999991,10.517157294000071],[-85.79051673099991,10.524115302000041],[-85.78197180899991,10.542995510000083],[-85.77513587099992,10.542995510000083],[-85.76121985599991,10.531805731000077],[-85.74160722599993,10.539821682000081],[-85.72158769399994,10.550930080000057],[-85.70628821499992,10.54913971600007],[-85.70006262899994,10.54913971600007],[-85.70140540299991,10.562282619000086],[-85.69798743399991,10.568630276000079],[-85.69229081899994,10.572088934000078],[-85.68700110599991,10.57648346600007],[-85.67784583199995,10.59210846600007],[-85.67422441299993,10.59125397300005],[-85.66185462099992,10.590114651000079],[-85.63174394399994,10.621161200000074],[-85.63402258999992,10.629461981000077],[-85.63931230399993,10.63580963700008],[-85.65225175699993,10.644720770000049],[-85.69322669199994,10.603786526000079],[-85.69420325399994,10.607082424000055],[-85.69408118399991,10.61001211100006],[-85.69517981699994,10.61163971600007],[-85.70006262899994,10.61123281500005],[-85.70006262899994,10.617458401000079],[-85.68846594999991,10.62995026200008],[-85.68138587099992,10.635199286000045],[-85.67271887899994,10.637884833000044],[-85.67955481699994,10.644720770000049],[-85.6804499989999,10.643825588000084],[-85.68179277299993,10.641913153000075],[-85.6838679679999,10.639797268000052],[-85.68700110599991,10.637884833000044],[-85.68447831899994,10.646185614000046],[-85.68399003799993,10.64907461100006],[-85.67271887899994,10.652167059000078],[-85.67271887899994,10.658392645000049],[-85.67955481699994,10.658392645000049],[-85.67955481699994,10.665838934000078],[-85.6628718739999,10.678981838000084],[-85.65957597599993,10.712958075000074],[-85.66527258999992,10.77883535400008],[-85.68028723899994,10.79633209800005],[-85.71336829299992,10.81085846600007],[-85.74649003799993,10.816188869000086],[-85.7615046869999,10.80609772300005],[-85.76748613199993,10.80609772300005],[-85.79507402299993,10.828640041000085],[-85.80308997299994,10.837184963000084],[-85.79832923099991,10.835638739000046],[-85.79238847599993,10.838324286000045],[-85.78990637899994,10.843898830000057],[-85.79564368399991,10.850856838000084],[-85.80296790299991,10.852484442000048],[-85.8222957019999,10.850612697000088],[-85.8303523429999,10.850856838000084],[-85.85977128799993,10.861761786000045],[-85.88292395699995,10.875148830000057],[-85.90880286399994,10.886419989000046],[-85.94644120999993,10.891140041000085],[-85.94644120999993,10.898586330000057],[-85.92381751199991,10.90420156500005],[-85.88149980399993,10.923163153000075],[-85.8576960929999,10.925930080000057],[-85.86148027299993,10.932074286000045],[-85.86449133999992,10.93585846600007],[-85.86913001199991,10.93813711100006],[-85.87816321499992,10.939601955000057],[-85.87816321499992,10.94635651200008],[-85.82872473899994,10.949286200000074],[-85.81615149599992,10.94635651200008],[-85.81090247299994,10.938666083000044],[-85.81216386599993,10.929714260000083],[-85.81460527299993,10.922267971000053],[-85.81265214799993,10.919094143000052],[-85.80850175699993,10.917181708000044],[-85.79564368399991,10.905462958000044],[-85.78941809799994,10.905462958000044],[-85.78197180899991,10.912868557000081],[-85.78197180899991,10.919094143000052],[-85.79336503799993,10.930243231000077],[-85.78246008999992,10.937445380000042],[-85.76113847599993,10.940578518000052],[-85.7409968739999,10.939601955000057],[-85.7341609369999,10.936428127000056],[-85.72520911399994,10.927679755000042],[-85.7170710929999,10.925930080000057],[-85.71056067599994,10.928290106000077],[-85.7077937489999,10.934027411000045],[-85.70889238199993,10.940822658000059],[-85.71373450399994,10.94635651200008],[-85.71373450399994,10.953802802000041],[-85.69888261599993,10.959255276000079],[-85.69469153599994,10.97024160400008],[-85.69815019399994,10.983221747000073],[-85.70628821499992,10.994818427000041],[-85.71353105399993,11.000026760000083],[-85.73037675699993,11.00690338700008],[-85.7375789049999,11.011867580000057],[-85.74600175699993,11.020656643000052],[-85.74600175699993,11.023016669000071],[-85.74095618399991,11.02407461100006],[-85.7341609369999,11.028957424000055],[-85.71886145699995,11.042914130000042],[-85.7099910149999,11.038112697000088],[-85.69961503799993,11.028631903000075],[-85.67955481699994,11.028957424000055],[-85.6675105459999,11.039862372000073],[-85.6701960929999,11.054388739000046],[-85.68101966099994,11.068386135000083],[-85.69322669199994,11.077337958000044],[-85.70173556599988,11.080880181000097],[-85.67758215399991,11.11963246700006],[-85.65931453499985,11.158829041000018],[-85.6311508799999,11.196216939000067],[-85.59779374199994,11.209937032000099],[-85.56916499899995,11.195390117000045],[-85.54094966699998,11.17032704600004],[-85.50862605899991,11.15242116300007],[-85.4074177659999,11.115446676000118],[-85.27236140999992,11.066199036000043],[-85.23647823899992,11.053096617000051],[-85.09283748399992,11.000647482000119],[-84.93140030999987,10.941891378000065],[-84.90840429699992,10.939359233000076],[-84.88496903499995,10.94767913800004],[-84.78177119999992,11.01488433900009],[-84.70777054899992,11.063046774000085],[-84.6764546309999,11.070410665000082],[-84.65872961499988,11.0627367150001],[-84.62066992199993,11.035761617000077],[-84.60322912599989,11.03328114900009],[-84.58168005399995,11.034469706000024],[-84.55860652699997,11.027209168000056],[-84.50873876999992,11.005530904000054],[-84.50333858299987,11.004032288000047],[-84.49817093999985,11.001991069000098],[-84.49331335499994,10.999407248000097],[-84.48912756399989,10.99635833700006],[-84.46638993399992,10.968453064000087],[-84.4578374839999,10.961347555000145],[-84.44887162399996,10.956334941000094],[-84.43820043999995,10.952200826000066],[-84.42724503599987,10.95111562100007],[-84.4177624109999,10.955043030000041],[-84.36396724499988,10.989614563000131],[-84.35546647199988,10.994627177000098],[-84.3459838469999,10.989898784000019],[-84.34365840699988,10.982379863000062],[-84.34386511299994,10.972277121000033],[-84.34179805599987,10.959900615000066],[-84.33740555899988,10.952665914000093],[-84.32409887699995,10.936181132000115],[-84.3213083499999,10.9291531370001],[-84.31074051999994,10.919412130000055],[-84.26428340699991,10.901816305000082],[-84.25366390099992,10.89471079600014],[-84.24472387799989,10.88491811100009],[-84.2256552739999,10.875306295000073],[-84.2083695069999,10.860966085000072],[-84.2046488039999,10.836988220000066],[-84.21852392599988,10.829831035000026],[-84.2226580409999,10.827040507000063],[-84.2271022139999,10.819314881000068],[-84.2252418629999,10.81368214900003],[-84.22115942399998,10.809418844000078],[-84.21888566099997,10.80595652300012],[-84.19687150099989,10.788515727000089],[-84.19160050499994,10.781720276000044],[-84.18041255799992,10.789755961000125],[-84.16483211299987,10.789445903000043],[-84.15772972499994,10.788424645000106],[-84.14901912499988,10.787172140000038],[-84.13700435499993,10.78916168200007],[-84.11842667699997,10.771229960000099],[-84.10692867099993,10.766914978000031],[-84.09543066399993,10.775519104000068],[-84.08855769899986,10.775519104000068],[-84.07643957499997,10.763814393000075],[-84.05163488799994,10.779549866000053],[-84.03455582699988,10.775519104000068],[-84.02269608599997,10.78722381700004],[-84.00923437599991,10.789445903000043],[-83.99820145699991,10.782056173000043],[-83.99362809299987,10.765002950000095],[-83.93332169599998,10.718054911000053],[-83.92657792199995,10.714902649000095],[-83.91727616399993,10.7134815470001],[-83.90748347999997,10.715367737000108],[-83.89355668199997,10.724927877000113],[-83.88686458399985,10.72714996400012],[-83.85952775099992,10.721775615000055],[-83.85580704799992,10.723997701000059],[-83.83534318099996,10.74761383100008],[-83.76896480299993,10.77247019500004],[-83.76381811499996,10.773683168000034],[-83.69814225299987,10.78916168200007],[-83.66302811699984,10.807015889000112],[-83.66013423699985,10.834171855000093],[-83.66930680399994,10.869751078000064],[-83.66985451049317,10.891717678072528],[-83.6798318473562,10.897010590307339],[-83.67685011450057,10.910298763549688],[-83.67879970906,10.916154380185779],[-83.68097632478583,10.917119398852687],[-83.68875441084572,10.93458680566807],[-83.69649978585412,10.936594144736317]]],[[[-85.13133704299992,10.09870026200008],[-85.12157141799992,10.096380927000041],[-85.1160375639999,10.09170156500005],[-85.10789954299992,10.089544989000046],[-85.09732011599993,10.08982982000009],[-85.09732011599993,10.083644924000055],[-85.10948645699995,10.079291083000044],[-85.12482662699995,10.07562897300005],[-85.14183508999992,10.074164130000042],[-85.15880286399994,10.07615794500009],[-85.17613684799994,10.083238023000092],[-85.18529212099992,10.09243398600006],[-85.19912675699993,10.117743231000077],[-85.18028723899994,10.12400950700004],[-85.17186438699991,10.124579169000071],[-85.1399633449999,10.119208075000074],[-85.11046301999994,10.110296942000048],[-85.11046301999994,10.103461005000042],[-85.14513098899994,10.103461005000042],[-85.13565019399994,10.098456122000073],[-85.13133704299992,10.09870026200008]]],[[[-87.09902910099993,5.516017971000053],[-87.11766516799992,5.51508209800005],[-87.10460364499994,5.53742096600007],[-87.09251868399991,5.546698309000078],[-87.07852128799993,5.555080471000053],[-87.06460527299993,5.557847398000092],[-87.06460527299993,5.5475934920000896],[-87.06554114499994,5.53461334800005],[-87.07852128799993,5.520656643000052],[-87.09902910099993,5.516017971000053]]],[[[-83.89661759299992,8.706491863000053],[-83.88346373899992,8.71299268200005],[-83.86911404599994,8.713587405000055],[-83.87030523899995,8.701776235000068],[-83.87807640599993,8.69882117900005],[-83.8906347969999,8.701178567000056],[-83.89661759299992,8.706491863000053]]]]}},{"type":"Feature","properties":{"country":"Panama","iso_a3":"PAN"},"geometry":{"type":"MultiPolygon","coordinates":[[[[-82.57359778599994,9.576198635000083],[-82.56187903599994,9.56907786700009],[-82.4656469389999,9.493963934000078],[-82.40660559799994,9.435248114000046],[-82.36896725199995,9.414943752000056],[-82.34276282499991,9.432521877000056],[-82.34508216099994,9.415432033000059],[-82.34959876199991,9.402044989000046],[-82.37677975199995,9.355169989000046],[-82.37946529899995,9.343817450000074],[-82.3762914699999,9.33006419500009],[-82.36778723899994,9.320746161000045],[-82.35643469999991,9.313421942000048],[-82.34813391799992,9.305568752000056],[-82.3489477199999,9.294745184000078],[-82.36245683499993,9.284125067000048],[-82.38760331899994,9.286078192000048],[-82.3899633449999,9.27484772300005],[-82.39492753799993,9.267075914000088],[-82.39366614499994,9.262111721000053],[-82.38878333199995,9.26007721600007],[-82.38304602799991,9.261216539000088],[-82.37319902299993,9.25454336100006],[-82.36449133999992,9.242865302000041],[-82.35814368399991,9.229437567000048],[-82.35582434799994,9.21678294500009],[-82.35057532499991,9.20726146000004],[-82.31480872299994,9.185492255000042],[-82.30797278599994,9.185492255000042],[-82.30044511599993,9.197088934000078],[-82.28823808499993,9.198553778000075],[-82.28246008999992,9.202093817000048],[-82.29430091099994,9.220282294000071],[-82.28099524599992,9.216620184000078],[-82.27594967399995,9.206447658000059],[-82.27306067599994,9.194484768000052],[-82.2664281889999,9.185492255000042],[-82.25548255099994,9.18260325700004],[-82.24791419199994,9.186997789000088],[-82.24445553299995,9.19757721600007],[-82.24596106699994,9.213446356000077],[-82.2390844389999,9.213446356000077],[-82.23814856699994,9.20026276200008],[-82.23106848899994,9.193752346000053],[-82.22305253799993,9.192775783000059],[-82.21922766799992,9.19635651200008],[-82.21873938699991,9.208644924000055],[-82.2168676419999,9.217474677000041],[-82.21251380099994,9.220038153000075],[-82.20494544199994,9.213446356000077],[-82.20396887899994,9.216538804000038],[-82.20400956899994,9.219224351000037],[-82.20278886599993,9.22068919500009],[-82.19810950399994,9.220282294000071],[-82.19619706899994,9.21116771000004],[-82.1934301419999,9.20408763200004],[-82.18960527299993,9.19830963700008],[-82.18443762899994,9.192938544000071],[-82.17764238199993,9.192938544000071],[-82.17764238199993,9.199774481000077],[-82.17080644399994,9.199774481000077],[-82.17345130099994,9.184759833000044],[-82.17170162699995,9.157416083000044],[-82.17764238199993,9.14516836100006],[-82.20811926999994,9.163763739000046],[-82.22411048099991,9.169663804000038],[-82.24962317599994,9.171820380000042],[-82.26073157499991,9.16404857000009],[-82.26378333199995,9.146551825000074],[-82.26073157499991,9.127875067000048],[-82.25340735599991,9.116603908000059],[-82.25340735599991,9.11041901200008],[-82.25894120999993,9.11273834800005],[-82.27383378799993,9.116603908000059],[-82.26846269399994,9.102362372000073],[-82.24453691299993,9.089911200000074],[-82.2390844389999,9.079331773000092],[-82.24596106699994,9.014146226000037],[-82.25047766799992,9.015204169000071],[-82.25348873599995,9.016302802000041],[-82.25621497299994,9.017971096000053],[-82.26016191299993,9.020982164000088],[-82.24303137899994,9.004461981000077],[-82.2188207669999,8.993353583000044],[-82.19469153599994,8.99095286700009],[-82.17764238199993,9.000555731000077],[-82.14175370999993,8.988959052000041],[-82.12901770699995,8.981390692000048],[-82.12922115799995,8.973211981000077],[-82.11440995999993,8.950751044000071],[-82.10936438699991,8.94529857000009],[-82.10700436099995,8.941880601000037],[-82.10537675699993,8.935207424000055],[-82.10191809799994,8.93162669500009],[-82.09780839799993,8.930609442000048],[-82.08665930899991,8.931708075000074],[-82.06761633999992,8.93073151200008],[-82.02000891799992,8.94529857000009],[-81.99771074099993,8.947455145000049],[-81.98521887899994,8.942328192000048],[-81.97472083199995,8.935207424000055],[-81.95856686099995,8.93162669500009],[-81.94395911399994,8.935126044000071],[-81.92943274599992,8.943833726000037],[-81.92076575399994,8.955145575000074],[-81.92373613199993,8.966376044000071],[-81.91246497299994,8.971096096000053],[-81.90371660099993,8.971136786000045],[-81.88963782499991,8.966376044000071],[-81.88768469999991,8.962591864000046],[-81.87804114499994,8.954250393000052],[-81.86733964799993,8.949286200000074],[-81.86237545499995,8.95579661700009],[-81.85228430899991,8.958319403000075],[-81.79344641799992,8.93162669500009],[-81.77554277299993,8.940252997000073],[-81.77057857999995,8.957464911000045],[-81.7742406889999,8.997463283000059],[-81.8418676419999,9.035305080000057],[-81.87706458199995,9.087307033000059],[-81.88621985599991,9.096136786000045],[-81.89928137899994,9.10187409100007],[-81.91783606699994,9.114976304000038],[-81.93342037699995,9.12921784100007],[-81.93740800699993,9.138332424000055],[-81.92202714799993,9.13812897300005],[-81.89663652299993,9.131781317000048],[-81.87287350199995,9.12954336100006],[-81.86237545499995,9.141750393000052],[-81.89476477799991,9.156927802000041],[-81.91030839799993,9.168117580000057],[-81.90330969999991,9.179266669000071],[-81.88280188699991,9.179510809000078],[-81.86546790299991,9.16665273600006],[-81.8418676419999,9.138332424000055],[-81.81875566299993,9.12107982000009],[-81.81456458199995,9.116603908000059],[-81.81602942599994,9.10805898600006],[-81.82420813699991,9.10545482000009],[-81.83438066299993,9.107001044000071],[-81.8418676419999,9.11041901200008],[-81.8418676419999,9.103583075000074],[-81.83372962099992,9.093817450000074],[-81.8258313899999,9.08528605400005],[-81.82088085399994,9.070647428000086],[-81.81346556799991,9.06780531000004],[-81.80028557799994,9.067811131000042],[-81.77680703499993,9.06497242000006],[-81.76197132199991,9.063750226000082],[-81.73688717399995,9.036932684000078],[-81.72117186999992,9.03202187100004],[-81.70645097599993,8.999172268000052],[-81.70156816299993,8.994330145000049],[-81.68748938699991,8.984198309000078],[-81.62755286399994,8.899115302000041],[-81.58731035099993,8.856350002000056],[-81.56749426999994,8.843491929000038],[-81.56159420499995,8.834377346000053],[-81.55077063699991,8.822821356000077],[-81.53905188699991,8.812933661000045],[-81.53026282499991,8.808742580000057],[-81.52147376199991,8.806789455000057],[-81.50329208599993,8.800959842000054],[-81.4911969389999,8.80098472700007],[-81.47347433899995,8.806593814000053],[-81.42150634699993,8.796426828000051],[-81.40943074899991,8.800099720000048],[-81.3815466449999,8.800120439000068],[-81.35798092399995,8.785101630000042],[-81.3044631599999,8.781882361000044],[-81.26622414899992,8.789234831000044],[-81.21307278599994,8.79180860100007],[-81.17478467299992,8.796765778000065],[-81.13034023599994,8.801736471000083],[-81.08771725199995,8.808742580000057],[-81.07990475199995,8.804836330000057],[-81.07070878799993,8.806830145000049],[-81.06151282499991,8.813177802000041],[-81.05357825399994,8.822414455000057],[-80.97513893799993,8.848088992000044],[-80.89892320999991,8.87963516900004],[-80.88171707399994,8.885697916000083],[-80.84485694599994,8.884479757000065],[-80.82241777299993,8.890692450000074],[-80.8128994569999,8.902669580000065],[-80.80429236399993,8.912369333000072],[-80.78355872299994,8.939195054000038],[-80.77257239499994,8.95343659100007],[-80.7625219389999,8.959540106000077],[-80.75914466099994,8.962713934000078],[-80.75584876199991,8.96979401200008],[-80.75064042899993,8.97687409100007],[-80.74168860599991,8.980047919000071],[-80.7268262899999,8.997221549000074],[-80.70348462299995,9.00810791200007],[-80.66710364499994,9.029730536000045],[-80.65322831899994,9.035305080000057],[-80.63711786899995,9.051671743000043],[-80.57933726999994,9.08068731700007],[-80.5067727149999,9.110891244000072],[-80.40831586199994,9.14226211600004],[-80.29259192599994,9.15135325700004],[-80.27745520699995,9.156398830000057],[-80.24478105399993,9.175116278000075],[-80.23493404899995,9.179266669000071],[-80.19994055899991,9.183172919000071],[-80.1629125639999,9.192938544000071],[-80.1297094389999,9.206203518000052],[-80.10081946499992,9.222316799000055],[-80.06520070199991,9.262480813000082],[-80.0261938139999,9.296616929000038],[-80.00082338199991,9.320515588000092],[-79.99850467899995,9.331796456000063],[-79.97894374399993,9.36335312600005],[-79.9537310579999,9.373433893000083],[-79.94743641199994,9.372848822000037],[-79.94375566299993,9.36359284100007],[-79.94591223899994,9.325873114000046],[-79.94375566299993,9.31586334800005],[-79.93822180899991,9.309149481000077],[-79.92943274599992,9.30414459800005],[-79.91917883999992,9.303168036000045],[-79.90904700399994,9.308417059000078],[-79.90160071499992,9.326646226000037],[-79.90025794199994,9.346828518000052],[-79.89468339799993,9.35643138200004],[-79.87486731699994,9.343166408000059],[-79.87706458199995,9.351629950000074],[-79.87950598899994,9.368801174000055],[-79.88170325399994,9.37726471600007],[-79.87930253799993,9.375433661000045],[-79.87486731699994,9.37107982000009],[-79.86803137899994,9.37726471600007],[-79.88040158399991,9.39464028000009],[-79.8712115319999,9.404204787000083],[-79.85978611999991,9.399083630000064],[-79.84089812699995,9.400709095000082],[-79.8186231439999,9.39103205400005],[-79.80036373599995,9.36078522300005],[-79.79295813699991,9.349351304000038],[-79.79698645699995,9.371283270000049],[-79.80215410099993,9.386664130000042],[-79.80272376199991,9.400580145000049],[-79.79295813699991,9.41819896000004],[-79.7781469389999,9.431586005000042],[-79.74828040299991,9.442531643000052],[-79.73151607999995,9.45302969000005],[-79.72935950399994,9.455959377000056],[-79.7266332669999,9.463364976000037],[-79.72472083199995,9.46670156500005],[-79.72130286399994,9.469224351000037],[-79.71465453699994,9.47984492200004],[-79.70546269099992,9.485459786000092],[-79.69062971999995,9.495799408000039],[-79.6842831539999,9.521478175000084],[-79.67737458599993,9.545607528000062],[-79.6596830229999,9.552373618000047],[-79.6516624539999,9.55969390000007],[-79.65648481599993,9.564962828000091],[-79.66772035799994,9.560802323000075],[-79.67650305899991,9.558417059000078],[-79.68215766899993,9.564526740000076],[-79.67573197299993,9.568706321000093],[-79.66984326599993,9.572886580000045],[-79.66448485699993,9.583370031000072],[-79.65003105499994,9.589606428000081],[-79.63885293599992,9.598508694000088],[-79.63033519699991,9.608473537000066],[-79.61221022799992,9.613666727000066],[-79.59624273399993,9.611521288000063],[-79.57654892999994,9.617789961000085],[-79.55096854999994,9.62929248000006],[-79.53286699099993,9.624335028000075],[-79.52798417899993,9.612453518000052],[-79.52261308499993,9.602850653000075],[-79.52245032499991,9.595282294000071],[-79.53286699099993,9.589544989000046],[-79.53286699099993,9.583319403000075],[-79.52306067599994,9.579046942000048],[-79.52281653599994,9.576727606000077],[-79.51919511599993,9.56907786700009],[-79.51431230399993,9.57249583500004],[-79.51073157499991,9.57453034100007],[-79.5078832669999,9.577378648000092],[-79.50499426999994,9.583319403000075],[-79.49815833199995,9.583319403000075],[-79.49201412699995,9.578680731000077],[-79.48387610599991,9.575018622000073],[-79.46397864499994,9.56907786700009],[-79.46349036399994,9.577704169000071],[-79.45653235599991,9.596380927000041],[-79.4512426419999,9.587388414000088],[-79.44456946499992,9.583807684000078],[-79.43724524599992,9.58470286700009],[-79.42983964799993,9.589544989000046],[-79.39189221999993,9.580501864000041],[-79.33604602399993,9.57435921800004],[-79.27274965599992,9.557021313000064],[-79.2397089829999,9.545515083000055],[-79.19375722899991,9.53960210200006],[-79.17500364499995,9.549403746000053],[-79.1562743639999,9.554955061000044],[-79.1332760869999,9.553404717000092],[-79.11603674199995,9.551889715000073],[-79.09877164199992,9.556032194000068],[-79.08006653099994,9.56157950000005],[-79.04845565199992,9.564218877000087],[-79.01290200799991,9.570225582000091],[-78.97058297199993,9.573313287000076],[-78.95731140799995,9.565283566000062],[-78.95736250999994,9.554032607000067],[-78.97451246299994,9.544735453000044],[-78.98685837099993,9.547135568000044],[-78.99687111199995,9.539680668000074],[-79.00780600299993,9.538792274000059],[-79.03823063099992,9.535170273000062],[-79.05487343899995,9.531958770000074],[-79.06585882999991,9.513720207000063],[-79.06315206999994,9.49029209400004],[-79.05806002299994,9.457931447000078],[-79.04049811499993,9.452233634000038],[-79.0243235989999,9.455913990000056],[-79.01389037699994,9.451183411000045],[-79.00104969499995,9.453471043000093],[-78.98821213399992,9.455289557000071],[-78.9772772689999,9.457115774000044],[-78.9663622189999,9.45472499400006],[-78.95259004199994,9.454663080000046],[-78.93505017399991,9.447556342000041],[-78.92461863999995,9.44423117000008],[-78.91567949099993,9.436835028000075],[-78.90807044199994,9.430812893000052],[-78.90330969999991,9.42291901200008],[-78.89574330399995,9.42442106100009],[-78.88291297299992,9.425295124000058],[-78.8748411329999,9.424788310000054],[-78.86487824799991,9.422397982000064],[-78.85254420299992,9.423753852000061],[-78.8472357409999,9.433084454000038],[-78.8363359199999,9.435384427000088],[-78.81784476899992,9.431080468000062],[-78.78938426499991,9.436570632000041],[-78.78113641499993,9.445882047000055],[-78.76410528799994,9.442521953000039],[-78.75264904499994,9.444333833000087],[-78.74159506699993,9.44848875100007],[-78.72822288499992,9.454983637000055],[-78.71788489499994,9.441839911000045],[-78.70165696899994,9.434259603000044],[-78.68886908499991,9.43555350400004],[-78.65560028599992,9.426498389000074],[-78.63326473099994,9.428733218000048],[-78.62002758199992,9.418825435000088],[-78.60389964699993,9.416394068000045],[-78.58962149599995,9.42240219000007],[-78.57808738799991,9.43189831300009],[-78.56131832599993,9.438040165000075],[-78.54640744199992,9.434370216000048],[-78.52712264599995,9.421502986000064],[-78.51282012399992,9.415992034000055],[-78.4798896659999,9.416002824000088],[-78.46344967399995,9.40460846600007],[-78.45260668899994,9.40883344000008],[-78.43771249799994,9.404351060000067],[-78.42726134199995,9.393895709000049],[-78.41595138199995,9.38430978100007],[-78.38873073299993,9.371848899000042],[-78.37832171399992,9.365750006000042],[-78.36422450399994,9.36119855700008],[-78.33833926199992,9.35600665600009],[-78.3175122419999,9.344662242000084],[-78.30272703399993,9.333313626000063],[-78.28707217399995,9.326287320000063],[-78.27748631499992,9.321878839000078],[-78.26791099399992,9.320943162000049],[-78.25486162099992,9.31738961600007],[-78.24185741299993,9.309545141000058],[-78.22623634099995,9.300807706000057],[-78.20802479399993,9.290335613000082],[-78.19235394299994,9.287610808000068],[-78.17665408399995,9.290058988000055],[-78.16708629099992,9.286516887000062],[-78.15492256599993,9.279491061000044],[-78.14190549599994,9.277709576000063],[-78.1237068929999,9.266364628000076],[-78.11400305899991,9.25381094000005],[-78.08815929999992,9.247983673000078],[-78.05599234899995,9.243438130000072],[-78.03690117899993,9.23639165700007],[-78.02456620999993,9.22646719000005],[-78.0208227199999,9.21360911700009],[-77.99925696499992,9.190822658000059],[-77.9862546459999,9.188899939000066],[-77.96865800699993,9.180609442000048],[-77.93540895199993,9.142888937000066],[-77.91852779899995,9.116603908000059],[-77.90502841799992,9.099310445000071],[-77.89015234899995,9.077213285000084],[-77.8557435969999,9.054290580000043],[-77.86083844199993,9.068091029000072],[-77.86522376199991,9.080267645000049],[-77.8764420999999,9.103554690000067],[-77.87766101999995,9.11888756500008],[-77.86009680899991,9.11041901200008],[-77.84725879699994,9.087558109000042],[-77.83919444299994,9.076501573000087],[-77.81186510799995,9.058039561000044],[-77.80817235199993,9.035333090000051],[-77.7982385389999,9.024263803000053],[-77.78581384099994,9.016871380000055],[-77.77074133999992,9.003973700000074],[-77.76724199099993,8.992336330000057],[-77.75853430899991,8.98151276200008],[-77.74754798099991,8.97256094000005],[-77.7444159659999,8.96357630500006],[-77.75420571599994,8.945658706000074],[-77.73473059799994,8.923488674000055],[-77.72077232999993,8.892290262000074],[-77.71032086299994,8.881281909000052],[-77.70105606899995,8.889259806000041],[-77.69673684399993,8.88742638900004],[-77.6955196479999,8.87331922900006],[-77.6762925239999,8.861628296000049],[-77.65585186299995,8.843200133000039],[-77.63345292899993,8.81745026200008],[-77.61432857999995,8.808742580000057],[-77.61945553299995,8.816961981000077],[-77.62604732999995,8.823146877000056],[-77.63174394399994,8.829901434000078],[-77.63418535099993,8.839789130000042],[-77.62905839799993,8.84446849200009],[-77.61799068899995,8.835191148000092],[-77.60741126199991,8.82217031500005],[-77.60383053299995,8.815578518000052],[-77.57407264999995,8.792754063000075],[-77.57787370799991,8.775030270000059],[-77.55934215299993,8.75970760000007],[-77.55362263399991,8.776756090000049],[-77.54368848899992,8.774885415000085],[-77.53509940299995,8.757744993000074],[-77.53834277699991,8.741314829000089],[-77.5402902859999,8.72607897100005],[-77.54474951799995,8.714603511000064],[-77.53213732899991,8.703201771000067],[-77.50072180899991,8.681830145000049],[-77.47695878799993,8.66990794500009],[-77.44420325399994,8.66437409100007],[-77.41319739499994,8.666693427000041],[-77.3946020169999,8.678412177000041],[-77.3906957669999,8.673529364000046],[-77.38581295499995,8.669582424000055],[-77.38003495999993,8.66665273600006],[-77.37352454299992,8.664740302000041],[-77.37493648399993,8.6509459440001],[-77.38537512199986,8.643633728000111],[-77.40154984599985,8.642031759000076],[-77.41767289299995,8.638466085000104],[-77.43400264499988,8.628259989000043],[-77.43503617399995,8.620637716000061],[-77.43023026499995,8.610457459000102],[-77.42909338499993,8.59262909000006],[-77.44113399299991,8.567669372000069],[-77.4693733009999,8.537811606000105],[-77.48035640499995,8.526199036000008],[-77.48867630999993,8.496536764000055],[-77.48872798699995,8.473644104000115],[-77.4796846109999,8.46785634300005],[-77.44960892799992,8.470646871000014],[-77.43271073499992,8.465065816000092],[-77.4223237709999,8.456410014000141],[-77.4057873139999,8.428453064000053],[-77.39126623599986,8.393545634000063],[-77.38299800599992,8.324945171000124],[-77.37436804299998,8.289314270000133],[-77.36320593299993,8.27208018000006],[-77.3504935309999,8.267403463000093],[-77.33716101099986,8.26662831600008],[-77.32434525599987,8.261202291000103],[-77.31690384999987,8.250841166000086],[-77.29519974799987,8.205495097000068],[-77.26943425099992,8.167700643000046],[-77.26011144999993,8.154025371000088],[-77.23106929499994,8.098731588000064],[-77.2096235759999,8.020700175000059],[-77.2077632239999,7.996567281000097],[-77.2012003179999,7.98199452700004],[-77.1915368249999,7.972847799000064],[-77.1808398039999,7.965148010000064],[-77.17107295799994,7.954916077000078],[-77.16326981599991,7.939258117000037],[-77.16900589999997,7.935072326000096],[-77.20605790299993,7.9354857380000965],[-77.23613358599991,7.929232890000009],[-77.26972326699993,7.918122457000081],[-77.30041906799997,7.90210276300013],[-77.32160640499984,7.881018779000016],[-77.34718623899988,7.82381296800007],[-77.37664180599998,7.786605937000061],[-77.37989742099995,7.7744102990000385],[-77.36651322499992,7.745109762000084],[-77.34599768099986,7.7257310990001145],[-77.33974483299997,7.707230937000091],[-77.36909704599992,7.680772603000008],[-77.50934688399994,7.594111227000056],[-77.55492549699991,7.5484809370000505],[-77.57998856699993,7.528378805000088],[-77.60267451999991,7.526053365000067],[-77.6133198659999,7.537473857000066],[-77.62546382699989,7.587444967000039],[-77.63306026199987,7.60067413400013],[-77.66075882999988,7.63803619400008],[-77.6633943279999,7.639948222000015],[-77.6718692629999,7.64196360300005],[-77.67481481999991,7.644650778000084],[-77.67476314299998,7.64842315700011],[-77.67062902899997,7.65731150400012],[-77.67021561799996,7.659947001000134],[-77.6799307869999,7.670954081000033],[-77.72990189699996,7.7133287560000525],[-77.74023718299989,7.718858134000044],[-77.7642150479999,7.705732320000081],[-77.7705195719999,7.6689903770001],[-77.76581701699993,7.626460674000043],[-77.7568253179999,7.595558167000135],[-77.73424271699994,7.551788228000049],[-77.73124548399994,7.530342509000121],[-77.74023718299989,7.504607645000121],[-77.75511999499992,7.486107483000097],[-77.77424027499993,7.474738668000029],[-77.79630611199991,7.471276347000071],[-77.8201806239999,7.476547343000107],[-77.85501053899986,7.365391337000105],[-77.89583915073322,7.235098056585514],[-77.8965551419999,7.235296942000048],[-77.91881262899994,7.24164459800005],[-77.94762122299994,7.267645575000074],[-77.99046790299991,7.32094961100006],[-78.00645911399994,7.332464911000045],[-78.01439368399991,7.341009833000044],[-78.01781165299991,7.3522809920000896],[-78.01553300699993,7.36273834800005],[-78.01154537699995,7.373195705000057],[-78.00975501199991,7.383490302000041],[-78.01439368399991,7.393540757000039],[-78.02009029899995,7.397853908000059],[-78.02285722599993,7.395982164000088],[-78.02489173099991,7.39203522300005],[-78.02798417899993,7.389837958000044],[-78.03587805899991,7.393011786000045],[-78.03815670499995,7.399400132000039],[-78.03612219999991,7.40460846600007],[-78.03148352799991,7.404120184000078],[-78.04344641799992,7.422308661000045],[-78.04995683499993,7.425930080000057],[-78.05939693899995,7.417792059000078],[-78.06554114499994,7.417792059000078],[-78.08971106699994,7.445217190000051],[-78.10562089799993,7.459418036000045],[-78.11742102799991,7.4655622420000896],[-78.12067623599995,7.469916083000044],[-78.12315833199995,7.479478257000039],[-78.12791907499991,7.489162502000056],[-78.13784745999993,7.4934756530000755],[-78.14415442599994,7.497870184000078],[-78.14907792899993,7.507879950000074],[-78.1555883449999,7.52765534100007],[-78.16177324099993,7.52765534100007],[-78.1660863919999,7.512640692000048],[-78.16832434799994,7.522406317000048],[-78.1692602199999,7.557440497000073],[-78.17422441299993,7.575425523000092],[-78.18480383999992,7.5794131530000755],[-78.19444739499994,7.571437893000052],[-78.19652258999992,7.553697007000039],[-78.20201575399994,7.566839911000045],[-78.20030676999994,7.576157945000091],[-78.19664466099994,7.584906317000048],[-78.19652258999992,7.595892645000049],[-78.20030676999994,7.606431382000039],[-78.20445716099994,7.612127997000073],[-78.21642005099994,7.622544664000088],[-78.23770097599993,7.649888414000088],[-78.25234941299993,7.660956122000073],[-78.27163652299993,7.663560289000088],[-78.26927649599992,7.6745466170000896],[-78.27358964799993,7.682806708000044],[-78.28213456899994,7.688462632000039],[-78.29214433499993,7.691473700000074],[-78.28258216099994,7.710638739000046],[-78.27749589799993,7.724351304000038],[-78.27814693899995,7.737372137000079],[-78.28526770699995,7.754136460000041],[-78.31533769399994,7.799872137000079],[-78.32005774599992,7.8112653670000896],[-78.3294164699999,7.843247789000088],[-78.35114498599995,7.870184637000079],[-78.37596594999991,7.894191799000055],[-78.39452063699991,7.91742584800005],[-78.40758216099994,7.948228257000039],[-78.41563880099994,7.980129299000055],[-78.41600501199991,7.992173570000091],[-78.41364498599995,8.003648179000038],[-78.41563880099994,8.013617255000042],[-78.43358313699991,8.045803127000056],[-78.43614661399994,8.058294989000046],[-78.43081620999993,8.07713450700004],[-78.41905676999994,8.095404364000046],[-78.40729732999995,8.10219961100006],[-78.39574133999992,8.069891669000071],[-78.38133704299992,8.063625393000052],[-78.36522376199991,8.065985419000071],[-78.3535863919999,8.075669664000088],[-78.32518469999991,8.060939846000053],[-78.2864477199999,8.08071523600006],[-78.25218665299991,8.11749909100007],[-78.23745683499993,8.153957424000055],[-78.23936926999994,8.174383856000077],[-78.24474036399994,8.186916408000059],[-78.25328528599994,8.195786851000037],[-78.26480058499993,8.20538971600007],[-78.29405676999994,8.239203192000048],[-78.30577551999994,8.24640534100007],[-78.30577551999994,8.253851630000042],[-78.2786352199999,8.25096263200004],[-78.27009029899995,8.252386786000045],[-78.25739498599995,8.25999583500004],[-78.25739498599995,8.267523505000042],[-78.26317298099991,8.270331122000073],[-78.26610266799992,8.273260809000078],[-78.26817786399994,8.276678778000075],[-78.27163652299993,8.28115469000005],[-78.26366126199991,8.284328518000052],[-78.26130123599995,8.284735419000071],[-78.25739498599995,8.29482656500005],[-78.24893144399994,8.289211330000057],[-78.23745683499993,8.278509833000044],[-78.23070227799991,8.274359442000048],[-78.22191321499992,8.271918036000045],[-78.21422278599994,8.272162177000041],[-78.19969641799992,8.274359442000048],[-78.19810950399994,8.27830638200004],[-78.18586178299995,8.295111395000049],[-78.1829320949999,8.29791901200008],[-78.18439693899995,8.325344143000052],[-78.1829320949999,8.335760809000078],[-78.18004309799994,8.337591864000046],[-78.16177324099993,8.356268622000073],[-78.1575414699999,8.36554596600007],[-78.15575110599991,8.374335028000075],[-78.1555883449999,8.394110419000071],[-78.15135657499991,8.39948151200008],[-78.1419164699999,8.404038804000038],[-78.13247636599993,8.40534088700008],[-78.12828528599994,8.400946356000077],[-78.12328040299991,8.364488023000092],[-78.12083899599992,8.356268622000073],[-78.11095130099994,8.34796784100007],[-78.09455318899995,8.339056708000044],[-78.07664954299992,8.331854559000078],[-78.06248938699991,8.328924872000073],[-78.05101477799991,8.32249583500004],[-78.04246985599991,8.30735911700009],[-78.02489173099991,8.259711005000042],[-78.01512610599991,8.246527411000045],[-78.00255286399994,8.237005927000041],[-77.98741614499994,8.233343817000048],[-77.98265540299991,8.23533763200004],[-77.97203528599994,8.238470770000049],[-77.96129309799994,8.238023179000038],[-77.95352128799993,8.223781643000052],[-77.9466039699999,8.218410549000055],[-77.93773352799991,8.214422919000071],[-77.92906653599994,8.21287669500009],[-77.91539466099994,8.21287669500009],[-77.91539466099994,8.21906159100007],[-77.93073482999995,8.222398179000038],[-77.94473222599993,8.230536200000074],[-77.95588131399995,8.24164459800005],[-77.96255449099993,8.253851630000042],[-77.91258704299992,8.244330145000049],[-77.88597571499992,8.23468659100007],[-77.86900794199994,8.21548086100006],[-77.84508216099994,8.20258209800005],[-77.83967037699995,8.195502020000049],[-77.83873450399994,8.18065013200004],[-77.83556067599994,8.170111395000049],[-77.82925370999993,8.162787177000041],[-77.81920325399994,8.15766022300005],[-77.80842037699995,8.163763739000046],[-77.79727128799993,8.157700914000088],[-77.78856360599991,8.14398834800005],[-77.78502356699994,8.126898505000042],[-77.77814693899995,8.115790106000077],[-77.76260331899994,8.111883856000077],[-77.74640865799995,8.116359768000052],[-77.73721269399994,8.13031647300005],[-77.76512610599991,8.130072333000044],[-77.80186926999994,8.174383856000077],[-77.81920325399994,8.171291408000059],[-77.87059485599991,8.23578522300005],[-77.88068600199995,8.243312893000052],[-77.89541581899994,8.251532294000071],[-77.98428300699993,8.267523505000042],[-78.0059301419999,8.27602773600006],[-78.02318274599992,8.29047272300005],[-78.03473873599995,8.30963776200008],[-78.03892981699994,8.33234284100007],[-78.06069902299993,8.375921942000048],[-78.06704667899993,8.402736721000053],[-78.05190995999993,8.417669989000046],[-78.06273352799991,8.424709377000056],[-78.07477779899995,8.434515692000048],[-78.08592688699991,8.44635651200008],[-78.09414628799993,8.45929596600007],[-78.09854081899994,8.475775458000044],[-78.09557044199994,8.485174872000073],[-78.08999589799993,8.491888739000046],[-78.08665930899991,8.50023021000004],[-78.08812415299991,8.51276276200008],[-78.09386145699995,8.51593659100007],[-78.10289466099994,8.518052476000037],[-78.11400305899991,8.52757396000004],[-78.11888587099992,8.538763739000046],[-78.11994381399995,8.54828522300005],[-78.1231176419999,8.556057033000059],[-78.13442949099993,8.561712958000044],[-78.13036048099991,8.552476304000038],[-78.12954667899993,8.527289130000042],[-78.12450110599991,8.517645575000074],[-78.11119544199994,8.509019273000092],[-78.10619055899991,8.50804271000004],[-78.10582434799994,8.505031643000052],[-78.10651607999995,8.47211334800005],[-78.1048070949999,8.463364976000037],[-78.09093176999994,8.430853583000044],[-78.08958899599992,8.420396226000037],[-78.09414628799993,8.41087474200009],[-78.10033118399991,8.41087474200009],[-78.11925208199995,8.442531643000052],[-78.13141842399995,8.45807526200008],[-78.14126542899993,8.466131903000075],[-78.15684973899994,8.466213283000059],[-78.17015540299991,8.45766836100006],[-78.17943274599992,8.442084052000041],[-78.1829320949999,8.421087958000044],[-78.18887285099993,8.405747789000088],[-78.20376542899993,8.393947658000059],[-78.22256425699993,8.386297919000071],[-78.24058997299994,8.38353099200009],[-78.24913489499994,8.386908270000049],[-78.25283769399994,8.394720770000049],[-78.25304114499994,8.403794664000088],[-78.25112870999993,8.41087474200009],[-78.24535071499992,8.417669989000046],[-78.21642005099994,8.43195221600007],[-78.21251380099994,8.428656317000048],[-78.20982825399994,8.426988023000092],[-78.20274817599994,8.424505927000041],[-78.20152747299994,8.45734284100007],[-78.20669511599993,8.48773834800005],[-78.22325598899994,8.541815497000073],[-78.23070227799991,8.541815497000073],[-78.23770097599993,8.527533270000049],[-78.23281816299993,8.518377997000073],[-78.22329667899993,8.510565497000073],[-78.21642005099994,8.50023021000004],[-78.21784420499995,8.482489325000074],[-78.22557532499991,8.468247789000088],[-78.23045813699991,8.456447658000059],[-78.22325598899994,8.44562409100007],[-78.22325598899994,8.438177802000041],[-78.22638912699995,8.435980536000045],[-78.22984778599994,8.434393622000073],[-78.23745683499993,8.43195221600007],[-78.24185136599993,8.440008856000077],[-78.24787350199995,8.444525458000044],[-78.25357011599993,8.447821356000077],[-78.25739498599995,8.451849677000041],[-78.26065019399994,8.460638739000046],[-78.25894120999993,8.46165599200009],[-78.25495357999995,8.461371161000045],[-78.25112870999993,8.466131903000075],[-78.24038652299993,8.485296942000048],[-78.24156653599994,8.49477773600006],[-78.25739498599995,8.50023021000004],[-78.25259355399993,8.48773834800005],[-78.25475012899994,8.48187897300005],[-78.26008053299995,8.47842031500005],[-78.26480058499993,8.47296784100007],[-78.27847245999993,8.44562409100007],[-78.29454505099994,8.44326406500005],[-78.30333411399994,8.454291083000044],[-78.31261145699995,8.48655833500004],[-78.32005774599992,8.47915273600006],[-78.32103430899991,8.46625397300005],[-78.33482825399994,8.446193752000056],[-78.35301673099991,8.428900458000044],[-78.3672582669999,8.424505927000041],[-78.37645423099991,8.44131094000005],[-78.38687089799993,8.500474351000037],[-78.39452063699991,8.520697333000044],[-78.39073645699995,8.527492580000057],[-78.38833574099993,8.534369208000044],[-78.39452063699991,8.534369208000044],[-78.39452063699991,8.52757396000004],[-78.40196692599994,8.52757396000004],[-78.40196692599994,8.548041083000044],[-78.40819251199991,8.548041083000044],[-78.41201738199993,8.523504950000074],[-78.39378821499992,8.473863023000092],[-78.3841039699999,8.425970770000049],[-78.36534583199995,8.410630601000037],[-78.36099199099993,8.394110419000071],[-78.38833574099993,8.335760809000078],[-78.39232337099992,8.34438711100006],[-78.39948482999995,8.348822333000044],[-78.40782630099994,8.351996161000045],[-78.4096980459999,8.353013414000088],[-78.41563880099994,8.356268622000073],[-78.43871008999992,8.384426174000055],[-78.44977779899995,8.391017971000053],[-78.44440670499995,8.403225002000056],[-78.44517981699994,8.421087958000044],[-78.44994055899991,8.439154364000046],[-78.45665442599994,8.451849677000041],[-78.46401933499993,8.446234442000048],[-78.4680883449999,8.440130927000041],[-78.46996008999992,8.433010158000059],[-78.47085527299993,8.424505927000041],[-78.47549394399994,8.434027411000045],[-78.4863988919999,8.447821356000077],[-78.49079342399995,8.45929596600007],[-78.49136308499993,8.47337474200009],[-78.48395748599995,8.507066148000092],[-78.49079342399995,8.52448151200008],[-78.52000891799992,8.56346263200004],[-78.53172766799992,8.575995184000078],[-78.51671301999994,8.57526276200008],[-78.50576738199993,8.571966864000046],[-78.49592037699995,8.570746161000045],[-78.48395748599995,8.575995184000078],[-78.50031490799995,8.588690497000073],[-78.50584876199991,8.59906647300005],[-78.50438391799992,8.634019273000092],[-78.5664770169999,8.651068427000041],[-78.56126868399991,8.666449286000045],[-78.55899003799993,8.67096588700008],[-78.56558183499993,8.67177969000005],[-78.56899980399993,8.67023346600007],[-78.57331295499995,8.664740302000041],[-78.58153235599991,8.670111395000049],[-78.58922278599994,8.669582424000055],[-78.59654700399994,8.666489976000037],[-78.60374915299991,8.664740302000041],[-78.61253821499992,8.669745184000078],[-78.61888587099992,8.681463934000078],[-78.62791907499991,8.70571523600006],[-78.61367753799993,8.717230536000045],[-78.60838782499991,8.73533763200004],[-78.60948645699995,8.755926825000074],[-78.61424719999991,8.774603583000044],[-78.62169348899994,8.774603583000044],[-78.6231176419999,8.758490302000041],[-78.61913001199991,8.737860419000071],[-78.61974036399994,8.723537502000056],[-78.63475501199991,8.726223049000055],[-78.65151933499993,8.707953192000048],[-78.68219967399995,8.747748114000046],[-78.70986894399994,8.747300523000092],[-78.72940019399994,8.759344794000071],[-78.74937903599994,8.80182526200008],[-78.76512610599991,8.815578518000052],[-78.76512610599991,8.822414455000057],[-78.75763912699995,8.822414455000057],[-78.75763912699995,8.829250393000052],[-78.77245032499991,8.833563544000071],[-78.78180904899995,8.84284088700008],[-78.78962154899995,8.853908596000053],[-78.79987545499995,8.863348700000074],[-78.79190019399994,8.84666575700004],[-78.79015051999994,8.833563544000071],[-78.79645748599995,8.823472398000092],[-78.81285559799994,8.815578518000052],[-78.82787024599992,8.81313711100006],[-78.83800208199995,8.816961981000077],[-78.85757402299993,8.839789130000042],[-78.8645727199999,8.855617580000057],[-78.86856035099993,8.87490469000005],[-78.87389075399994,8.891180731000077],[-79.00527910099993,8.959540106000077],[-79.05760657499991,8.97101471600007],[-79.08299719999991,8.988836981000077],[-79.0872289699999,8.994330145000049],[-79.08849036399994,9.004095770000049],[-79.08568274599992,9.00975169500009],[-79.08177649599992,9.015326239000046],[-79.07982337099992,9.024725653000075],[-79.07933508999992,9.045396226000037],[-79.08088131399995,9.06281159100007],[-79.08885657499991,9.073797919000071],[-79.10773678299995,9.07562897300005],[-79.10773678299995,9.08307526200008],[-79.08629309799994,9.08462148600006],[-79.06989498599995,9.093329169000071],[-79.05858313699991,9.107163804000038],[-79.05247962099992,9.12400950700004],[-79.04625403599994,9.12400950700004],[-79.03742428299995,9.110500393000052],[-79.02769934799994,9.111029364000046],[-79.01154537699995,9.12400950700004],[-78.99120032499991,9.13117096600007],[-78.98216712099992,9.136419989000046],[-78.97736568899995,9.14516836100006],[-78.98375403599994,9.141994533000059],[-78.99718176999994,9.14093659100007],[-79.00527910099993,9.138332424000055],[-79.01195227799991,9.13312409100007],[-79.0247289699999,9.11937083500004],[-79.02892005099994,9.116603908000059],[-79.03693600199995,9.119614976000037],[-79.03954016799992,9.125921942000048],[-79.04263261599993,9.13108958500004],[-79.05247962099992,9.13084544500009],[-79.0586645169999,9.12563711100006],[-79.07087154899995,9.107489325000074],[-79.07664954299992,9.103583075000074],[-79.07900956899994,9.10146719000005],[-79.08218339799993,9.09674713700008],[-79.08779863199993,9.09202708500004],[-79.09748287699995,9.089911200000074],[-79.1067602199999,9.089422919000071],[-79.11416581899994,9.087551174000055],[-79.11904863199993,9.083197333000044],[-79.12071692599994,9.07562897300005],[-79.1145727199999,9.068793036000045],[-79.10167395699995,9.065008856000077],[-79.08999589799993,9.056382554000038],[-79.0872289699999,9.035305080000057],[-79.09178626199991,9.023016669000071],[-79.10212154899995,9.006008205000057],[-79.11607825399994,8.99412669500009],[-79.13158118399991,8.997463283000059],[-79.13809160099993,9.000799872000073],[-79.16234290299991,9.007391669000071],[-79.1634008449999,9.011786200000074],[-79.16828365799995,9.01984284100007],[-79.17349199099993,9.02252838700008],[-79.17601477799991,9.01072825700004],[-79.19298255099994,9.005194403000075],[-79.27334550699993,9.019273179000038],[-79.29946855399993,9.014146226000037],[-79.30573482999995,9.014146226000037],[-79.30573482999995,9.020982164000088],[-79.33031165299991,9.013413804000038],[-79.38683020699995,9.018866278000075],[-79.40933183499993,9.007391669000071],[-79.41820227799991,9.014146226000037],[-79.42747962099992,9.013373114000046],[-79.43712317599994,9.009588934000078],[-79.45445716099994,9.006293036000045],[-79.46690833199995,9.001654364000046],[-79.47451738199993,9.000555731000077],[-79.48200436099995,8.99835846600007],[-79.48403886599993,8.993719794000071],[-79.48468990799995,8.98899974200009],[-79.48790442599994,8.986883856000077],[-79.49107825399994,8.98346588700008],[-79.51919511599993,8.966376044000071],[-79.52122962099992,8.957424221000053],[-79.52025305899991,8.948879299000055],[-79.52220618399991,8.942287502000056],[-79.53286699099993,8.939113674000055],[-79.51553300699993,8.909979559000078],[-79.51183020699995,8.898138739000046],[-79.52497311099995,8.90729401200008],[-79.54112708199995,8.92328522300005],[-79.55467688699991,8.942084052000041],[-79.56017005099994,8.959540106000077],[-79.56639563699991,8.959540106000077],[-79.56501217399995,8.95376211100006],[-79.56322180899991,8.950018622000073],[-79.56017005099994,8.94529857000009],[-79.56017005099994,8.939113674000055],[-79.56639563699991,8.939113674000055],[-79.55919348899994,8.91429271000004],[-79.56387285099993,8.892767645000049],[-79.57848059799994,8.88226959800005],[-79.60118567599994,8.890692450000074],[-79.64683997299994,8.882635809000078],[-79.66120357999995,8.87523021000004],[-79.65575110599991,8.863348700000074],[-79.65575110599991,8.857123114000046],[-79.66685950399994,8.860825914000088],[-79.67398027299993,8.86554596600007],[-79.68065344999991,8.867621161000045],[-79.69054114499994,8.863348700000074],[-79.69347083199995,8.86664459800005],[-79.6946508449999,8.868312893000052],[-79.69701087099992,8.869208075000074],[-79.70360266799992,8.87018463700008],[-79.70360266799992,8.863348700000074],[-79.70079505099994,8.859930731000077],[-79.69920813699991,8.854803778000075],[-79.69676673099991,8.849676825000074],[-79.71393795499995,8.85260651200008],[-79.73021399599992,8.844305731000077],[-79.74356035099993,8.83006419500009],[-79.7520238919999,8.815578518000052],[-79.75625566299993,8.796291408000059],[-79.7520238919999,8.736761786000045],[-79.74986731699994,8.731024481000077],[-79.74518795499995,8.728013414000088],[-79.74046790299991,8.725978908000059],[-79.7383520169999,8.722805080000057],[-79.73932857999995,8.716498114000046],[-79.74136308499993,8.711127020000049],[-79.74453691299993,8.70571523600006],[-79.74681555899991,8.697943427000041],[-79.75080318899995,8.689601955000057],[-79.75601152299993,8.681586005000042],[-79.76195227799991,8.674709377000056],[-79.76593990799995,8.671820380000042],[-79.77839107999995,8.665838934000078],[-79.79100501199991,8.663234768000052],[-79.79173743399991,8.659491278000075],[-79.79051673099991,8.65501536700009],[-79.79295813699991,8.651068427000041],[-79.81001863299991,8.646601108000084],[-79.82631067499995,8.63852006600007],[-79.81369061599992,8.626059908000059],[-79.77960804599991,8.61840994000005],[-79.74735102599993,8.631258633000073],[-79.71730499299991,8.64631035800005],[-79.70580393799992,8.652550776000055],[-79.70209358999995,8.657320823000077],[-79.69726913999995,8.657323396000038],[-79.69689726799993,8.648887585000068],[-79.70060713899994,8.641550643000073],[-79.7343651249999,8.615498574000071],[-79.77439595699991,8.579550130000086],[-79.7936731719999,8.572207498000068],[-79.82629835499995,8.561552820000088],[-79.86411799399991,8.55235759900006],[-79.87152542599995,8.542819456000075],[-79.86978105399993,8.531805731000077],[-79.87173417899993,8.52415599200009],[-79.87486731699994,8.520697333000044],[-79.87999426999994,8.51862213700008],[-79.89122473899994,8.516302802000041],[-79.89537512899994,8.514553127000056],[-79.91055253799993,8.500474351000037],[-79.91763261599993,8.495428778000075],[-79.92674719999991,8.493394273000092],[-79.93211829299992,8.489162502000056],[-79.94180253799993,8.470404364000046],[-79.94688880099994,8.466131903000075],[-79.94896399599992,8.462307033000059],[-79.97020423099991,8.44407786700009],[-80.0408015619999,8.39797597900008],[-80.0808813139999,8.371771552000041],[-80.12584387899994,8.34861888200004],[-80.19554602799991,8.312933661000045],[-80.22496497299994,8.301052151000079],[-80.2727351549999,8.29482656500005],[-80.28160559799994,8.295925197000088],[-80.2944636709999,8.300441799000055],[-80.30003821499992,8.301052151000079],[-80.30882727799991,8.298651434000078],[-80.32628333199995,8.290309963000084],[-80.33421790299991,8.287990627000056],[-80.36148027299993,8.29482656500005],[-80.37466386599993,8.30337148600006],[-80.38072669199994,8.310370184000078],[-80.3757624989999,8.315252997000073],[-80.3857722649999,8.311346747000073],[-80.3862605459999,8.30695221600007],[-80.38475501199991,8.301581122000073],[-80.38878333199995,8.29482656500005],[-80.4070124989999,8.283026434000078],[-80.4702449209999,8.220648505000042],[-80.47817949099993,8.202337958000044],[-80.47484290299991,8.106472072000088],[-80.4761042959999,8.094875393000052],[-80.47846432199992,8.091376044000071],[-80.4844050769999,8.082546291000085],[-80.46816972599993,8.07485586100006],[-80.46092688699991,8.05573151200008],[-80.4560847649999,8.03620026200008],[-80.44717363199993,8.027289130000042],[-80.4324031239999,8.024237372000073],[-80.39427649599992,8.007635809000078],[-80.3825984369999,7.9993350280000755],[-80.34886633999992,7.989284572000088],[-80.32774817599994,7.953314520000049],[-80.31334387899994,7.9114444030000755],[-80.30003821499992,7.883327541000085],[-80.20445716099994,7.807562567000048],[-80.14378821499992,7.752752997000073],[-80.05239824099993,7.637111721000053],[-80.00576738199993,7.55227285400008],[-79.99351966099994,7.5227725280000755],[-79.99465898299991,7.50344472900008],[-80.0100398429999,7.465236721000053],[-80.0178523429999,7.4568138690000865],[-80.0300593739999,7.453924872000073],[-80.05679277299993,7.452541408000059],[-80.06497148299991,7.450995184000078],[-80.1355281239999,7.424627997000073],[-80.1985164049999,7.424709377000056],[-80.21068274599992,7.417792059000078],[-80.22280839799993,7.42336660400008],[-80.24966386599993,7.429632880000042],[-80.2590632799999,7.438259182000081],[-80.2658992179999,7.438259182000081],[-80.27481035099993,7.4338646510000785],[-80.30687415299991,7.424627997000073],[-80.30687415299991,7.417792059000078],[-80.2939753899999,7.4192569030000755],[-80.28355872299994,7.421820380000042],[-80.27452551999994,7.425685940000051],[-80.2658992179999,7.430812893000052],[-80.2590632799999,7.424627997000073],[-80.33096269399994,7.401190497000073],[-80.35757402299993,7.382025458000044],[-80.36148027299993,7.3557396510000785],[-80.34439042899993,7.327419338000084],[-80.34756425699993,7.318264065000051],[-80.3723445299999,7.31476471600007],[-80.37926184799994,7.3127709010000785],[-80.38711503799993,7.30805084800005],[-80.3935847649999,7.302394924000055],[-80.3962703119999,7.297674872000073],[-80.39883378799993,7.28664785400008],[-80.40538489499994,7.2827822940000715],[-80.41441809799994,7.280340887000079],[-80.42418372299994,7.27374909100007],[-80.4284968739999,7.265448309000078],[-80.42813066299993,7.258490302000041],[-80.42910722599993,7.252346096000053],[-80.43724524599992,7.246486721000053],[-80.44481360599991,7.2458763690000865],[-80.46373450399994,7.251654364000046],[-80.47447669199994,7.253322658000059],[-80.59683183499993,7.2380638690000865],[-80.60407467399995,7.236721096000053],[-80.71312415299991,7.216457424000055],[-80.79336503799993,7.213568427000041],[-80.8139949209999,7.219142971000053],[-80.82079016799992,7.219142971000053],[-80.8259578119999,7.213324286000045],[-80.8310847649999,7.211371161000045],[-80.8362117179999,7.213324286000045],[-80.84129798099991,7.219142971000053],[-80.84813391799992,7.219142971000053],[-80.86180579299992,7.20571523600006],[-80.8730769519999,7.212551174000055],[-80.88906816299993,7.239040432000081],[-80.89443925699993,7.243434963000084],[-80.90176347599993,7.248114325000074],[-80.91055253799993,7.251776434000078],[-80.92007402299993,7.253322658000059],[-80.9297175769999,7.25649648600006],[-80.93016516799992,7.263576565000051],[-80.9255671869999,7.270575262000079],[-80.92007402299993,7.27374909100007],[-80.91600501199991,7.278143622000073],[-80.91714433499993,7.299627997000073],[-80.91637122299994,7.3079287780000755],[-80.9111628899999,7.315008856000077],[-80.8999324209999,7.323513088000084],[-80.89598548099991,7.3283959010000785],[-80.8923640619999,7.341742255000042],[-80.89159094999991,7.360174872000073],[-80.89565995999993,7.376613674000055],[-80.9211726549999,7.39203522300005],[-80.92080644399994,7.41079336100006],[-80.9101863269999,7.4416771510000785],[-80.9150691399999,7.4546572940000715],[-80.95116126199991,7.4934756530000755],[-80.9546199209999,7.495510158000059],[-80.9621882799999,7.502468166000085],[-80.96690833199995,7.509914455000057],[-80.95470130099994,7.5169131530000755],[-80.95274817599994,7.525458075000074],[-80.95164954299992,7.535589911000045],[-80.94774329299992,7.544094143000052],[-80.9463191399999,7.555690822000088],[-80.95571855399993,7.5696475280000755],[-80.96898352799991,7.5820580100000825],[-80.97911536399994,7.589056708000044],[-80.97911536399994,7.595892645000049],[-80.97166907499991,7.595892645000049],[-80.97166907499991,7.602728583000044],[-81.02004960799991,7.650539455000057],[-81.02993730399993,7.656073309000078],[-81.03750566299993,7.658270575000074],[-81.0412898429999,7.6616885440000715],[-81.03990637899994,7.671047268000052],[-81.0351863269999,7.6799584010000785],[-81.02782141799992,7.68618398600006],[-81.0178523429999,7.688421942000048],[-81.00576738199993,7.6853294940000865],[-81.01060950399994,7.693915106000077],[-81.02183997299994,7.70266347900008],[-81.0344539049999,7.70929596600007],[-81.04332434799994,7.711981512000079],[-81.04482988199993,7.716701565000051],[-81.02623450399994,7.74673086100006],[-81.0371394519999,7.745998440000051],[-81.04686438699991,7.747219143000052],[-81.05483964799993,7.7500267600000825],[-81.06102454299992,7.7541771510000785],[-81.05760657499991,7.754950262000079],[-81.05479895699995,7.754828192000048],[-81.05325273299991,7.755926825000074],[-81.05357825399994,7.76040273600006],[-81.07669023299991,7.764797268000052],[-81.08608964799993,7.779120184000078],[-81.08543860599991,7.794338283000059],[-81.07811438699991,7.801336981000077],[-81.07249915299991,7.803534247000073],[-81.06749426999994,7.8081729190000715],[-81.0608210929999,7.812892971000053],[-81.05016028599994,7.815008856000077],[-81.03762773299991,7.815008856000077],[-81.02757727799991,7.816799221000053],[-81.0212703119999,7.822699286000045],[-81.02004960799991,7.8355166690000715],[-81.02623450399994,7.8355166690000715],[-81.0488582019999,7.822699286000045],[-81.05589758999992,7.8493919940000865],[-81.05357825399994,7.911200262000079],[-81.0752253899999,7.871283270000049],[-81.09044348899994,7.857855536000045],[-81.10195878799993,7.877101955000057],[-81.1081843739999,7.877101955000057],[-81.10594641799992,7.866400458000044],[-81.10216223899994,7.858587958000044],[-81.09630286399994,7.85305410400008],[-81.0876765619999,7.8491885440000715],[-81.0876765619999,7.842311916000085],[-81.13304602799991,7.842311916000085],[-81.1423640619999,7.844427802000041],[-81.15481523299991,7.85382721600007],[-81.16714433499993,7.855983791000085],[-81.1924128899999,7.863348700000074],[-81.19737708199995,7.879055080000057],[-81.19994055899991,7.893622137000079],[-81.2180476549999,7.897528387000079],[-81.20815995999993,7.893459377000056],[-81.20523027299993,7.889919338000084],[-81.2043757799999,7.883327541000085],[-81.21764075399994,7.878973700000074],[-81.21519934799994,7.870998440000051],[-81.1975398429999,7.855983791000085],[-81.18020585799991,7.846869208000044],[-81.17711341099994,7.8457298850000825],[-81.17870032499991,7.836859442000048],[-81.18163001199991,7.8296572940000715],[-81.18325761599993,7.82367584800005],[-81.16470292899993,7.789007880000042],[-81.17442786399994,7.7630069030000755],[-81.19668535099993,7.74172597900008],[-81.2180476549999,7.726263739000046],[-81.22240149599992,7.7344017600000825],[-81.22317460799991,7.739203192000048],[-81.2214656239999,7.742702541000085],[-81.2180476549999,7.74673086100006],[-81.2180476549999,7.7541771510000785],[-81.23204505099994,7.755031643000052],[-81.24596106699994,7.7541771510000785],[-81.24596106699994,7.74673086100006],[-81.2353816399999,7.743841864000046],[-81.22948157499991,7.73781972900008],[-81.2180476549999,7.719427802000041],[-81.23155676999994,7.71438222900008],[-81.23741614499994,7.7151146510000785],[-81.24596106699994,7.719427802000041],[-81.23867753799993,7.707464911000045],[-81.23167883999992,7.698919989000046],[-81.22549394399994,7.698919989000046],[-81.21214758999992,7.706122137000079],[-81.1975398429999,7.711981512000079],[-81.19326738199993,7.7007510440000715],[-81.1975398429999,7.657375393000052],[-81.19546464799993,7.645697333000044],[-81.19517981699994,7.638861395000049],[-81.1975398429999,7.630072333000044],[-81.20132402299993,7.625189520000049],[-81.21340898299991,7.615423895000049],[-81.2180476549999,7.6089541690000715],[-81.22549394399994,7.6089541690000715],[-81.23403886599993,7.6152611350000825],[-81.26622473899994,7.6323916690000715],[-81.27330481699994,7.633490302000041],[-81.27871660099993,7.6460635440000715],[-81.29116777299993,7.6506615260000785],[-81.3142390619999,7.650539455000057],[-81.39696204299992,7.673529364000046],[-81.4241023429999,7.671047268000052],[-81.42821204299992,7.682562567000048],[-81.43492591099994,7.692653713000084],[-81.4429011709999,7.700466213000084],[-81.45079505099994,7.705145575000074],[-81.4739070299999,7.699408270000049],[-81.5034480459999,7.701971747000073],[-81.52578691299993,7.711452541000085],[-81.5271296869999,7.726263739000046],[-81.51866614499994,7.728908596000053],[-81.49998938699991,7.738674221000053],[-81.48875891799992,7.749212958000044],[-81.52806555899991,7.760565497000073],[-81.53905188699991,7.75735097900008],[-81.54019120999993,7.739935614000046],[-81.56322180899991,7.756293036000045],[-81.57494055899991,7.76040273600006],[-81.57494055899991,7.767238674000055],[-81.5683894519999,7.77602773600006],[-81.57388261599993,7.784328518000052],[-81.58311926999994,7.793402411000045],[-81.58800208199995,7.8044701190000865],[-81.58629309799994,7.820868231000077],[-81.58177649599992,7.83156972900008],[-81.56749426999994,7.8491885440000715],[-81.56749426999994,7.855983791000085],[-81.57461503799993,7.8606631530000755],[-81.58189856699994,7.862494208000044],[-81.58897864499994,7.8611107440000865],[-81.59544837099992,7.855983791000085],[-81.6015925769999,7.855983791000085],[-81.60912024599992,7.86281972900008],[-81.60912024599992,7.870266018000052],[-81.59976152299993,7.877834377000056],[-81.5998835929999,7.8850365260000785],[-81.60802161399994,7.889837958000044],[-81.62271074099993,7.89008209800005],[-81.61961829299992,7.905340887000079],[-81.6186824209999,7.922023830000057],[-81.61294511599993,7.9314232440000865],[-81.59544837099992,7.924872137000079],[-81.59801184799994,7.933783270000049],[-81.60208085799991,7.940008856000077],[-81.61587480399993,7.952175197000088],[-81.61123613199993,7.95962148600006],[-81.61294511599993,7.9741885440000715],[-81.60912024599992,7.9863548850000825],[-81.62132727799991,7.981350002000056],[-81.62710527299993,7.982814846000053],[-81.62889563699991,7.981838283000059],[-81.6289363269999,7.969265041000085],[-81.62413489499994,7.95538971600007],[-81.6225886709999,7.947943427000041],[-81.62588456899994,7.944728908000059],[-81.63329016799992,7.945868231000077],[-81.6384578119999,7.9492455100000825],[-81.64159094999991,7.9546572940000715],[-81.6426082019999,7.962103583000044],[-81.64590410099993,7.973089911000045],[-81.66356360599991,7.997300523000092],[-81.67052161399994,8.006781317000048],[-81.68480383999992,8.044623114000046],[-81.69102942599994,8.054632880000042],[-81.69713294199994,8.039129950000074],[-81.69835364499994,8.031032619000086],[-81.69786536399994,8.021063544000071],[-81.70836341099994,8.031317450000074],[-81.7085261709999,8.045843817000048],[-81.71035722599993,8.059841213000084],[-81.72573808499993,8.06826406500005],[-81.72573808499993,8.07571035400008],[-81.71727454299992,8.070827541000085],[-81.70946204299992,8.068630276000079],[-81.70287024599992,8.069973049000055],[-81.69786536399994,8.07571035400008],[-81.69102942599994,8.07571035400008],[-81.68761145699995,8.072780666000085],[-81.68541419199994,8.071600653000075],[-81.67735755099994,8.06826406500005],[-81.71145585799991,8.13031647300005],[-81.73355058499993,8.15766022300005],[-81.7434382799999,8.173163153000075],[-81.74624589799993,8.191799221000053],[-81.75247148299991,8.191799221000053],[-81.75820878799993,8.180609442000048],[-81.76065019399994,8.169582424000055],[-81.75747636599993,8.161159572000088],[-81.74624589799993,8.15766022300005],[-81.75243079299992,8.148993231000077],[-81.76748613199993,8.132757880000042],[-81.7741999989999,8.123480536000045],[-81.78038489499994,8.123480536000045],[-81.79832923099991,8.137111721000053],[-81.87657630099994,8.16787344000005],[-81.88536536399994,8.17328522300005],[-81.9270320299999,8.183172919000071],[-81.94115149599992,8.184963283000059],[-81.95181230399993,8.191433010000083],[-81.94786536399994,8.206244208000044],[-81.9311824209999,8.233343817000048],[-81.94326738199993,8.229641018000052],[-81.95669511599993,8.22101471600007],[-81.96764075399994,8.209051825000074],[-81.9721980459999,8.195502020000049],[-81.97838294199994,8.192531643000052],[-81.99217688699991,8.201117255000042],[-82.01317298099991,8.21906159100007],[-82.02786210799991,8.208278713000084],[-82.06029212099992,8.210272528000075],[-82.09312903599994,8.220363674000055],[-82.10936438699991,8.233343817000048],[-82.11558997299994,8.233343817000048],[-82.11729895699995,8.21515534100007],[-82.14240475199995,8.16006094000005],[-82.1445613269999,8.161891994000086],[-82.14891516799992,8.164089260000083],[-82.15029863199993,8.164496161000045],[-82.15029863199993,8.15766022300005],[-82.1565242179999,8.15766022300005],[-82.14720618399991,8.180934963000084],[-82.14757239499994,8.188299872000073],[-82.1565242179999,8.184963283000059],[-82.15538489499994,8.193182684000078],[-82.15379798099991,8.199286200000074],[-82.15038001199991,8.203314520000049],[-82.14346269399994,8.20538971600007],[-82.14346269399994,8.212917385000083],[-82.15689042899993,8.211737372000073],[-82.1741023429999,8.201727606000077],[-82.18789628799993,8.199245510000083],[-82.19652258999992,8.202175197000088],[-82.2092585929999,8.215521552000041],[-82.21922766799992,8.21906159100007],[-82.21922766799992,8.225897528000075],[-82.21410071499992,8.227443752000056],[-82.20958411399994,8.231146552000041],[-82.20494544199994,8.233343817000048],[-82.21654212099992,8.264227606000077],[-82.2175593739999,8.278225002000056],[-82.21178137899994,8.287990627000056],[-82.21178137899994,8.29482656500005],[-82.21764075399994,8.299343166000085],[-82.2187800769999,8.304348049000055],[-82.21642005099994,8.309759833000044],[-82.21178137899994,8.315252997000073],[-82.21060136599993,8.312648830000057],[-82.21084550699993,8.309881903000075],[-82.20982825399994,8.30805084800005],[-82.20494544199994,8.30849844000005],[-82.20982825399994,8.321844794000071],[-82.20864824099993,8.332098700000074],[-82.20055091099994,8.33930084800005],[-82.18443762899994,8.34320709800005],[-82.20787512899994,8.343939520000049],[-82.22012285099993,8.342962958000044],[-82.22545325399994,8.339504299000055],[-82.24144446499992,8.306708075000074],[-82.2424617179999,8.301052151000079],[-82.26195227799991,8.302801825000074],[-82.27708899599992,8.309271552000041],[-82.28441321499992,8.322211005000042],[-82.2800593739999,8.34320709800005],[-82.29649817599994,8.336208401000079],[-82.31395423099991,8.330837307000081],[-82.33165442599994,8.329779364000046],[-82.3489070299999,8.335760809000078],[-82.34707597599993,8.32916901200008],[-82.34496008999992,8.315008856000077],[-82.34276282499991,8.30849844000005],[-82.3586726549999,8.30609772300005],[-82.38719641799992,8.291449286000045],[-82.40013587099992,8.287990627000056],[-82.41893469999991,8.293036200000074],[-82.43325761599993,8.304348049000055],[-82.4353328119999,8.316107489000046],[-82.41722571499992,8.322780666000085],[-82.41722571499992,8.328924872000073],[-82.42568925699993,8.332302151000079],[-82.43028723899994,8.338161526000079],[-82.43175208199995,8.346218166000085],[-82.43089758999992,8.356268622000073],[-82.44102942599994,8.34870026200008],[-82.44261633999992,8.336330471000053],[-82.44701087099992,8.323553778000075],[-82.4656062489999,8.315252997000073],[-82.4656062489999,8.30849844000005],[-82.46141516799992,8.302923895000049],[-82.45742753799993,8.296047268000052],[-82.4541316399999,8.28851959800005],[-82.45201575399994,8.28115469000005],[-82.47085527299993,8.277126369000086],[-82.47777258999992,8.277411200000074],[-82.4861140619999,8.28115469000005],[-82.51170813699991,8.27643463700008],[-82.55264238199993,8.287380276000079],[-82.62267005099994,8.315252997000073],[-82.65892493399991,8.322780666000085],[-82.69859778599994,8.322821356000077],[-82.73802649599992,8.31745026200008],[-82.80870520699995,8.295681057000081],[-82.83901933499993,8.278509833000044],[-82.86245683499993,8.254055080000057],[-82.87718665299991,8.21906159100007],[-82.87987219999991,8.177883205000057],[-82.8728328119999,8.135891018000052],[-82.84923255099994,8.06826406500005],[-82.84923255099994,8.06203847900008],[-82.8620906239999,8.048895575000074],[-82.8681941399999,8.032375393000052],[-82.87694251199991,8.023871161000045],[-82.8976292589999,8.034748020000023],[-82.89136979199989,8.057545471000068],[-82.88640885499993,8.102193909000093],[-82.93909297799985,8.216838074000052],[-82.94366634199989,8.248567403000067],[-82.95051346899993,8.258825175000055],[-82.96800594099989,8.267971904000134],[-82.97712683099988,8.269237976000085],[-82.98919327799987,8.264457907000093],[-82.99552364099989,8.264819641000088],[-83.00110469599989,8.269237976000085],[-83.01076818899992,8.283371480000127],[-83.01606502399994,8.289004211000062],[-83.04407364999986,8.305359803000101],[-83.05324621699995,8.315100810000047],[-83.05210933499987,8.327632345000055],[-83.04329850299987,8.334737854000082],[-82.9977715659999,8.360162659000096],[-82.95351070199987,8.402098084000087],[-82.92477860499986,8.41674835200007],[-82.89651159699989,8.425352478000107],[-82.87041499899988,8.438116557000072],[-82.84829748599986,8.46516916900012],[-82.83891821399993,8.494624736000034],[-82.83597265699993,8.52976471000008],[-82.84186376999992,8.599476217000117],[-82.84979610299987,8.629861959000067],[-82.86222428499985,8.655700176000096],[-82.87894160999991,8.679057923000045],[-82.91033504299992,8.713913676000104],[-82.91922338899994,8.72706532800008],[-82.9241584889999,8.741198832000123],[-82.92296992999988,8.756159160000081],[-82.91488256899996,8.764789124000032],[-82.88511694399998,8.78318593400013],[-82.87578934799984,8.793908793000043],[-82.87563431899991,8.807525533000046],[-82.88356665099985,8.81238311800007],[-82.88832088299995,8.816930644000095],[-82.8785798749999,8.82977223800009],[-82.86692683999993,8.838066304000051],[-82.76378067999991,8.879950053000115],[-82.73386002599997,8.897985128000116],[-82.72015670999991,8.920237750000112],[-82.71936478699985,8.921523743000108],[-82.72334387199993,8.930928854000072],[-82.74913041199991,8.974078674000097],[-82.76269547599992,8.98299285900012],[-82.80817073599988,8.9983665970001],[-82.85408524699994,9.031982117000041],[-82.87656449499985,9.041929830000129],[-82.88242976999993,9.04534047500006],[-82.88687394299987,9.05148997000012],[-82.88969030799993,9.059370626000074],[-82.89328181999988,9.066941224000033],[-82.90023229999989,9.072057190000109],[-82.90945654399988,9.072005514000097],[-82.93937719799993,9.059577332000032],[-82.93952108499991,9.070641889000072],[-82.94165096099994,9.234424540000134],[-82.94320125399986,9.354313863000101],[-82.94428645899987,9.437151185000118],[-82.94170263699993,9.45634897900004],[-82.93330521699997,9.470327454000127],[-82.9146241869999,9.476864522000099],[-82.86129410899991,9.484099223000072],[-82.84638545799996,9.492548320000068],[-82.84478348899992,9.500687358000079],[-82.84938269099987,9.503477885000038],[-82.85591975899985,9.505441590000075],[-82.86020890299991,9.511203512000037],[-82.86713354499989,9.538643697000097],[-82.8792516689999,9.55990854900007],[-82.87739131699988,9.569184469000092],[-82.8660483409999,9.5850749720001],[-82.84747066299985,9.600655416000052],[-82.82902217599994,9.6027224730001],[-82.77109289599989,9.579855652000091],[-82.72936417699995,9.54489654600009],[-82.71972652199995,9.541330872000032],[-82.71169083699996,9.544999899000118],[-82.70145890399988,9.53355356900002],[-82.68866898699991,9.509446513000057],[-82.67804947999991,9.497767639000088],[-82.66820511899994,9.493168437000037],[-82.65071264699989,9.487845764000085],[-82.63213496999992,9.484667663000039],[-82.61885412599992,9.486708883000077],[-82.61239457299988,9.499498800000055],[-82.60820878199993,9.537868551000088],[-82.6011032719999,9.548668925000115],[-82.58588456299987,9.546240133000055],[-82.57061417699992,9.538230285000083],[-82.56283687399991,9.53869537300011],[-82.57359778599994,9.576198635000083]]],[[[-81.80772864499994,7.28742096600007],[-81.79800370999993,7.291083075000074],[-81.78990637899994,7.290106512000079],[-81.78050696499992,7.2878278670000896],[-81.76671301999994,7.28742096600007],[-81.77904212099992,7.277492580000057],[-81.79238847599993,7.251654364000046],[-81.80089270699995,7.2389997420000896],[-81.79698645699995,7.2339541690000715],[-81.79344641799992,7.225978908000059],[-81.80089270699995,7.225978908000059],[-81.81623287699995,7.271307684000078],[-81.81456458199995,7.279974677000041],[-81.81875566299993,7.2856306010000935],[-81.8191625639999,7.288723049000055],[-81.81456458199995,7.2942569030000755],[-81.81078040299991,7.294134833000044],[-81.80825761599993,7.2934431010000935],[-81.80719967399995,7.291571356000077],[-81.80772864499994,7.28742096600007]]],[[[-81.14915930899991,7.56118398600006],[-81.1355688139999,7.568182684000078],[-81.11807206899994,7.57453034100007],[-81.08771725199995,7.5816104190000715],[-81.0750219389999,7.577337958000044],[-81.06159420499995,7.575588283000059],[-81.03307044199994,7.575425523000092],[-81.0449926419999,7.55414459800005],[-81.05284583199995,7.544623114000046],[-81.06411699099993,7.540676174000055],[-81.0750219389999,7.535345770000049],[-81.08275305899991,7.53384023600006],[-81.09142005099994,7.537543036000045],[-81.09776770699995,7.5425479190000715],[-81.10334225199995,7.54555898600006],[-81.10985266799992,7.547064520000049],[-81.11904863199993,7.54751211100006],[-81.12926184799994,7.545314846000053],[-81.13438880099994,7.539943752000056],[-81.13784745999993,7.533392645000049],[-81.14297441299993,7.52765534100007],[-81.17088782499991,7.513373114000046],[-81.18492591099994,7.496975002000056],[-81.1907445949999,7.4934756530000755],[-81.19912675699993,7.4934756530000755],[-81.20856686099995,7.495591539000088],[-81.21580969999991,7.498277085000041],[-81.2180883449999,7.499701239000046],[-81.24567623599995,7.490057684000078],[-81.25194251199991,7.490423895000049],[-81.24258378799993,7.503404039000088],[-81.23289954299992,7.513373114000046],[-81.2227270169999,7.5210635440000715],[-81.21043860599991,7.525946356000077],[-81.17438717399995,7.531439520000049],[-81.16405188699991,7.540513414000088],[-81.15762285099993,7.551581122000073],[-81.14915930899991,7.56118398600006]]],[[[-81.66437740799995,7.397284247000073],[-81.65249589799993,7.391017971000053],[-81.62205969999991,7.3938662780000755],[-81.61587480399993,7.386704820000091],[-81.58800208199995,7.335191148000092],[-81.60667883999992,7.32758209800005],[-81.62816321499992,7.3216006530000755],[-81.64940344999991,7.321519273000092],[-81.68423417899993,7.3413760440000715],[-81.72712154899995,7.344427802000041],[-81.74624589799993,7.348863023000092],[-81.75670325399994,7.35773346600007],[-81.78075110599991,7.38422272300005],[-81.80003821499992,7.395575262000079],[-81.8418676419999,7.430812893000052],[-81.86465410099993,7.478461005000042],[-81.87287350199995,7.486029364000046],[-81.87511145699995,7.490423895000049],[-81.88280188699991,7.516791083000044],[-81.87889563699991,7.517482815000051],[-81.85806230399993,7.517523505000042],[-81.84870357999995,7.520209052000041],[-81.8489477199999,7.524115302000041],[-81.83625240799995,7.546698309000078],[-81.83438066299993,7.54751211100006],[-81.83177649599992,7.559271552000041],[-81.83141028599994,7.568182684000078],[-81.82998613199993,7.576157945000091],[-81.82445227799991,7.585353908000059],[-81.81680253799993,7.590399481000077],[-81.79832923099991,7.594224351000037],[-81.77013098899994,7.6148135440000715],[-81.76036536399994,7.620184637000079],[-81.75991777299993,7.616400458000044],[-81.75251217399995,7.616400458000044],[-81.75523841099994,7.624009507000039],[-81.75731360599991,7.636419989000046],[-81.75991777299993,7.644273179000038],[-81.75251217399995,7.644273179000038],[-81.75251217399995,7.636867580000057],[-81.74624589799993,7.636867580000057],[-81.74681555899991,7.641831773000092],[-81.74535071499992,7.6432966170000896],[-81.74242102799991,7.643459377000056],[-81.73884029899995,7.644273179000038],[-81.71617591099994,7.5796572940000715],[-81.71519934799994,7.568019924000055],[-81.71328691299993,7.565904039000088],[-81.70531165299991,7.553697007000039],[-81.70482337099992,7.55109284100007],[-81.70592200399994,7.543117580000057],[-81.70531165299991,7.540676174000055],[-81.70213782499991,7.540187893000052],[-81.69383704299992,7.541408596000053],[-81.69102942599994,7.540676174000055],[-81.68203691299993,7.534572658000059],[-81.67564856699994,7.532131252000056],[-81.67178300699993,7.526353257000039],[-81.67052161399994,7.5102399760000935],[-81.67638098899994,7.505519924000055],[-81.70836341099994,7.4934756530000755],[-81.70933997299994,7.48663971600007],[-81.71678626199991,7.4575056010000935],[-81.71898352799991,7.452541408000059],[-81.71271725199995,7.44009023600006],[-81.69473222599993,7.423976955000057],[-81.69102942599994,7.414048570000091],[-81.68919837099992,7.403794664000088],[-81.68443762899994,7.3950056010000935],[-81.67788652299993,7.391587632000039],[-81.67052161399994,7.397284247000073],[-81.66437740799995,7.397284247000073]]],[[[-82.21178137899994,8.19920482000009],[-82.23302161399994,8.20530833500004],[-82.24705969999991,8.206732489000046],[-82.25340735599991,8.202337958000044],[-82.25332597599993,8.19326406500005],[-82.25259355399993,8.188381252000056],[-82.24596106699994,8.171291408000059],[-82.27383378799993,8.191799221000053],[-82.28136145699995,8.193548895000049],[-82.30138098899994,8.196112372000073],[-82.30797278599994,8.19920482000009],[-82.31566321499992,8.214911200000074],[-82.30646725199995,8.22406647300005],[-82.27383378799993,8.233343817000048],[-82.25959225199995,8.227036851000037],[-82.23888098899994,8.220648505000042],[-82.22012285099993,8.212062893000052],[-82.21178137899994,8.19920482000009]]],[[[-82.34276282499991,8.25999583500004],[-82.31480872299994,8.240179755000042],[-82.33486894399994,8.23509349200009],[-82.36969967399995,8.216864325000074],[-82.38646399599992,8.21287669500009],[-82.39834550699993,8.21820709800005],[-82.41250566299993,8.231024481000077],[-82.42471269399994,8.246568101000037],[-82.43089758999992,8.25999583500004],[-82.42467200399994,8.25999583500004],[-82.40192623599995,8.257147528000075],[-82.35000566299993,8.293646552000041],[-82.32848059799994,8.287990627000056],[-82.31651770699995,8.27732982000009],[-82.3172094389999,8.26756419500009],[-82.32705644399994,8.262884833000044],[-82.34276282499991,8.267523505000042],[-82.34276282499991,8.25999583500004]]],[[[-79.09406490799995,8.30849844000005],[-79.08750501899993,8.295776164000074],[-79.08300128899992,8.274186322000048],[-79.07586376099994,8.265991063000058],[-79.07099204899993,8.264492413000085],[-79.06574100899991,8.260760089000087],[-79.0698599509999,8.257050825000078],[-79.08039084199993,8.254828134000093],[-79.09127787299991,8.259680790000061],[-79.10378803899994,8.252959415000078],[-79.10452795799995,8.244402237000088],[-79.09844714099995,8.238471424000068],[-79.09850992699995,8.229879634000042],[-79.10488716099991,8.228778713000054],[-79.1086818949999,8.22392517600008],[-79.1095195659999,8.210469238000087],[-79.12270896399991,8.208981766000079],[-79.14000259699992,8.244395848000067],[-79.1369727149999,8.25743809800008],[-79.13056404999992,8.256690183000046],[-79.1298047219999,8.264141881000057],[-79.12564983499993,8.277552791000062],[-79.12941093899991,8.287243020000062],[-79.1244996719999,8.303261001000067],[-79.11243080899993,8.317408727000043],[-79.10488692399991,8.318517622000059],[-79.10037274099994,8.317396915000074],[-79.09487870999993,8.311753648000092],[-79.09406490799995,8.30849844000005]]],[[[-82.36204993399991,8.086859442000048],[-82.35924231699994,8.099025783000059],[-82.35244706899994,8.11204661700009],[-82.34312903599994,8.12335846600007],[-82.33234615799995,8.129706122000073],[-82.32070878799993,8.13031647300005],[-82.31834876199991,8.123968817000048],[-82.31944739499994,8.113104559000078],[-82.31822669199994,8.09992096600007],[-82.33653723899994,8.091864325000074],[-82.34748287699995,8.088283596000053],[-82.36204993399991,8.086859442000048]]],[[[-79.08439313199995,8.38249055700004],[-79.09284420499995,8.37718333500004],[-79.11217536399994,8.391497737000066],[-79.13009816699991,8.404869682000083],[-79.11823790299991,8.429110441000091],[-79.1050181839999,8.418740701000047],[-79.09483801999994,8.40648021000004],[-79.09014876899994,8.410278495000057],[-79.0879429709999,8.419543644000044],[-79.08243764799994,8.415996564000068],[-79.0862839099999,8.403453466000087],[-79.07886767399992,8.398554347000072],[-79.08025186799995,8.39092974500005],[-79.08439313199995,8.38249055700004]]],[[[-82.12303626199991,9.322658596000053],[-82.0977270169999,9.31118398600006],[-82.0852758449999,9.302679755000042],[-82.07461503799993,9.28851959800005],[-82.09398352799991,9.29124583500004],[-82.11416581899994,9.283270575000074],[-82.1301977199999,9.268255927000041],[-82.13882402299993,9.245306708000044],[-82.14362545499995,9.24713776200008],[-82.15440833199995,9.258368231000077],[-82.15396074099993,9.259182033000059],[-82.15172278599994,9.259914455000057],[-82.15029863199993,9.264349677000041],[-82.15025794199994,9.287258205000057],[-82.15404212099992,9.296291408000059],[-82.16397050699993,9.30219147300005],[-82.16397050699993,9.308417059000078],[-82.15029863199993,9.30219147300005],[-82.15933183499993,9.323146877000056],[-82.17430579299992,9.33038971600007],[-82.19261633999992,9.33388906500005],[-82.21178137899994,9.343166408000059],[-82.21178137899994,9.349351304000038],[-82.20616614499994,9.354193427000041],[-82.20099850199995,9.35618724200009],[-82.19603430899991,9.354803778000075],[-82.19131425699993,9.349351304000038],[-82.18248450399994,9.345851955000057],[-82.17438717399995,9.34406159100007],[-82.16600501199991,9.344956773000092],[-82.15656490799995,9.349351304000038],[-82.14671790299991,9.344631252000056],[-82.12303626199991,9.322658596000053]]],[[[-82.32848059799994,9.412054755000042],[-82.30166581899994,9.432318427000041],[-82.28551184799994,9.438869533000059],[-82.2664281889999,9.43935781500005],[-82.23875891799992,9.39874909100007],[-82.23180091099994,9.37335846600007],[-82.24596106699994,9.356838283000059],[-82.24596106699994,9.349351304000038],[-82.24156653599994,9.344549872000073],[-82.24014238199993,9.341945705000057],[-82.24168860599991,9.338080145000049],[-82.24596106699994,9.33006419500009],[-82.25967363199993,9.353176174000055],[-82.28075110599991,9.374701239000046],[-82.32848059799994,9.412054755000042]]],[[[-78.89224447499993,8.458046989000081],[-78.89371335499993,8.469273655000052],[-78.88992961499991,8.474136485000088],[-78.88018061799994,8.468460590000063],[-78.86913001199991,8.46165599200009],[-78.86278235599991,8.453680731000077],[-78.85822506399995,8.442938544000071],[-78.85537675699993,8.431341864000046],[-78.85448157499991,8.421087958000044],[-78.85468334699993,8.413287151000077],[-78.84222896199992,8.411064086000067],[-78.8355102729999,8.39799539900008],[-78.83733826699995,8.386865516000057],[-78.84567049399993,8.381269455000051],[-78.84795918899994,8.368606294000074],[-78.83447648499993,8.342810923000059],[-78.84320713099993,8.320457840000074],[-78.85229804499994,8.312268477000089],[-78.85228125599991,8.303331914000069],[-78.85802161399994,8.295843817000048],[-78.87041456299994,8.296650181000075],[-78.87534335399994,8.301494433000073],[-78.88250315999994,8.300386780000053],[-78.88923092399995,8.29913971600007],[-78.89639936999993,8.297429279000085],[-78.89905189699994,8.302641950000066],[-78.9013251369999,8.308967386000063],[-78.90469062599993,8.302649751000047],[-78.91219731699994,8.293727235000063],[-78.92047597299995,8.282565959000067],[-78.92011717699995,8.274001963000046],[-78.92277514599994,8.265446118000057],[-78.9129872389999,8.253881356000079],[-78.91113984499992,8.234147619000055],[-78.90511446499994,8.22929004100007],[-78.89757411699992,8.228897258000075],[-78.89757889899994,8.224426574000063],[-78.90398547099994,8.219221605000087],[-78.9179244419999,8.227084176000062],[-78.92845417699994,8.23566760400007],[-78.9269376119999,8.249817786000051],[-78.93365607099992,8.273271306000083],[-78.94004292499994,8.282589941000083],[-78.95799719999991,8.290432033000059],[-78.96434485599991,8.29482656500005],[-78.96989797299995,8.305098917000066],[-78.9654121449999,8.320765975000086],[-78.95823733999993,8.329105164000055],[-78.9547769369999,8.346514341000045],[-78.95848548099991,8.352850653000075],[-78.96727762699993,8.362430036000092],[-78.96990783399991,8.369891318000043],[-78.96575300599994,8.377316386000075],[-78.96160231099992,8.383618156000068],[-78.9612179209999,8.390315085000054],[-78.96571735799995,8.408223900000053],[-78.96434485599991,8.417669989000046],[-78.97471184999995,8.444368241000063],[-78.97092155699994,8.458449965000057],[-78.95812685599992,8.45880618600006],[-78.94910443999993,8.452789919000054],[-78.90877739699994,8.470040703000052],[-78.89976966099994,8.461615302000041],[-78.89696204299992,8.456691799000055],[-78.89541581899994,8.451849677000041],[-78.89224447499993,8.458046989000081]]],[[[-79.57039255199993,8.798575963000076],[-79.5633396039999,8.80463886800004],[-79.5568946539999,8.802516973000081],[-79.55382717799995,8.803426325000089],[-79.55321149999992,8.800395163000076],[-79.55535746599992,8.797970274000079],[-79.55259222199993,8.791908401000057],[-79.54798869699994,8.788877806000073],[-79.54185266899992,8.786756789000037],[-79.54123675099993,8.781302357000072],[-79.54338095799994,8.775544614000069],[-79.5479808469999,8.77402866600005],[-79.55135755399994,8.779179747000057],[-79.55534757299995,8.782815983000091],[-79.56270948699995,8.781299764000039],[-79.56915370799993,8.78311735300008],[-79.57161263799992,8.789178986000081],[-79.57039255199993,8.798575963000076]]],[[[-81.5682686479999,9.10824946200006],[-81.56549282599991,9.105496117000087],[-81.55992511999995,9.10396596600009],[-81.55774703499992,9.106106241000077],[-81.55310224199991,9.10579937600005],[-81.54722092599991,9.102740545000074],[-81.5419475949999,9.09907047200005],[-81.5379113379999,9.095094040000049],[-81.53666944899993,9.091423836000047],[-81.53387190099994,9.088669683000091],[-81.53449179699993,9.085917258000052],[-81.53884096899992,9.085920190000081],[-81.54381126299995,9.088369729000078],[-81.55218935499994,9.089596845000074],[-81.56241366799992,9.09082288400009],[-81.56704406299991,9.090822599000091],[-81.5716713079999,9.089598507000062],[-81.57292766099994,9.096020901000088],[-81.57509865899993,9.10060658100008],[-81.57725858899994,9.10458133800006],[-81.57539613699993,9.107638619000056],[-81.5682686479999,9.10824946200006]]],[[[-82.04723834999993,9.172568781000052],[-82.05240965799993,9.177661002000093],[-82.05184027299993,9.182192803000078],[-82.04552275399993,9.17936813600005],[-82.04149825099995,9.173142195000082],[-82.0357556319999,9.16975029100007],[-82.02886688599995,9.169192132000092],[-82.0254148169999,9.160700151000071],[-82.02311321999991,9.153905700000053],[-82.01622389199991,9.15108183600006],[-82.00876062099991,9.147692229000086],[-82.0104771099999,9.141459268000062],[-82.0196558419999,9.13748270700006],[-82.02711256799995,9.13294146700008],[-82.03285361399992,9.134633315000087],[-82.04204321499992,9.140852517000042],[-82.0500839149999,9.145940624000048],[-82.05525757899994,9.153864964000093],[-82.0546908579999,9.16179681400007],[-82.04723834999993,9.172568781000052]]]]}}]}